ID,Name,Price,Quantity
1,0005 38 40,250,20
2,00179 22 30,505,15
3,0018 32 36,235,12
4,00192 32 40,435,5
5,0025 22 30,275,10
6,0026 32 40,310,105
7,0066 (MMM) 12 14    [620442],460,2
8,007 FREE,250,-3
9,0086006 32 40,555,-10
10,0086036 32 40,560,5
11,016 FREE,175,-1
12,019 FREE,275,-1
13,020087 28 34,450,-26
14,0254 30 36,625,-1
15,04003 30 36,695,-1
16,04010 30 36,695,1
17,04021 30 36,685,2
18,04245 XL,145,15
19,053569 26 30,560,18
20,073408 22 30,275,2
21,07778 28 34,435,8
22,084466 32 38,395,-4
23,085912 32 40,515,-20
24,086619 32 40,570,-60
25,10042 (MMM) 12 14   [620442],460,2
26,1014 22 30,505,39
27,1014 32 40,625,45
28,1051 18,440,4
29,1059 20 26,630,24
30,106 32 40,550,20
31,1077 18,440,5
32,11055 10 16,250,4
33,1150 10 16,450,1
34,116 28 34,685,1
35,1170 18,655,1
36,12024 4 8,205,6
37,1216 30 38,425,1
38,1217 30 38,495,2
39,1229 30 36,430,3
40,1287 10 16,325,4
41,138 28 34,680,1
42,14045 10 16,595,4
43,14524 10 16,350,15
44,146 B (HG)   28 38    [610449],"1,040.00",6
45,146 S (HG) 20 26    [610449],820,4
46,149 32 38,685,1
47,152 18,440,6
48,15968 28 34,325,20
49,16027 28 36,415,10
50,16088 28 36,415,35
51,16129 28 36,415,54
52,16537 28 32,390,40
53,166 SMALL,410,9
54,17131 28 34,405,3
55,17151 28 34,455,1
56,17152 28 34,475,16
57,172 18,470,3
58,17256 28 32,400,20
59,17267 28 34,465,8
60,17287 34 36,425,11
61,17322 30 36,475,8
62,17403 28 32,655,3
63,17421 34 36,410,69
64,17495 28 32,475,4
65,17579 28 34,495,2
66,17602 28 34,435,4
67,1762 10 20,280,12
68,17881 28 34,400,4
69,17946 28 34,450,9
70,18343 28 32,400,4
71,18358 28 32,375,20
72,18386 28 34,455,8
73,18412 28 34,530,4
74,18450 28 34,605,3
75,18522 28 34,455,32
76,18597 36 38,495,2
77,18626 28 32,485,5
78,18907 28 34,455,10
79,18954 28 34,465,10
80,18962 28 34,510,12
81,19004 36 40,445,-45
82,19184 28 34,530,16
83,19319 28 34,430,39
84,19484 28 32,415,15
85,19485 28 32,400,20
86,19486 28 32,400,10
87,19532 36 40,570,6
88,19544 18,480,1
89,19558 28 34,485,5
90,19598 28 34,495,-3
91,19626 28 34,505,1
92,19671 30 36,510,1
93,19725 28 34,415,4
94,19727 28 34,480,19
95,19782 28 34,430,-3
96,19799 28 32,515,12
97,19825 28 34,435,10
98,19837 28 34,445,8
99,20 GH/PANTS 12 15,115,12
100,20 GH/PANTS 16 18,125,9
101,20081 30 36,505,3
102,20087 28 34,395,47
103,20090 28 34,480,13
104,20092 28 34,515,15
105,20150 28 34,465,4
106,20162 36 40,440,5
107,20176 28 34,510,-5
108,20177 28 34,510,5
109,20178 28 34,510,29
110,20227 28 34,275,56
111,20246 36 38,575,74
112,20248 28 34,375,18
113,20305 28 34,345,15
114,20312 28 34,535,71
115,20316 28 34,355,15
116,20366 28 36,405,-1
117,20367 28 36,340,-1
118,20386 28 34,595,-1
119,20387 28 34,665,4
120,20392 28 34,345,-1
121,20412 28 36,395,-2
122,20413 28 34,325,-1
123,20418 30 36,430,-2
124,20623 30 36,625,1
125,20626 28 34,505,-4
126,20634 28 34,570,1
127,20653 28 34,590,2
128,20657 28 34,500,-2
129,20660 28 34,550,6
130,20687 28 34,555,11
131,20690 28 34,535,14
132,20691 28 34,535,1
133,20699 30 36,560,1
134,20701 28 34,460,14
135,20735 28 34,465,2
136,20748 28 34,445,8
137,20774 28 34,575,1
138,20775 28 34,325,4
139,20778 28 34,525,12
140,20795 24 34,570,2
141,2081 2 10,310,5
142,20830 28 34,550,20
143,20875 28 34,525,15
144,20936 28 34,0,1
145,20963 28 34,465,16
146,20986 28 34,455,15
147,21045 28 32,425,15
148,21045 28 34,0,15
149,21049 28 34,440,5
150,21081 28 34,410,3
151,21097 28 32,455,4
152,21141 28 34,720,12
153,21154 28 34,575,1
154,21197 28 32,0,4
155,21198 36 38,580,18
156,21211 28 34,595,4
157,21223 28 34,430,8
158,21279 28 34,705,16
159,21319 28 34,235,31
160,2133 2 12,275,18
161,21344 36 38,570,-6
162,21345 28 34,515,64
163,21349 28 32,455,4
164,21356 28 34,530,17
165,21389 28 34,630,20
166,21402 28 34,625,10
167,21434 28 34,465,16
168,21496 28 34,430,27
169,21502 28 34,540,8
170,21515 28 32,505,15
171,21519 28 34,615,12
172,21524 28 34,535,7
173,21539 28 32,585,20
174,21541 28 30,570,18
175,21555 36 40,430,1
176,21556 28 34,465,1
177,21574 28 34,575,28
178,21597 L XL,365,4
179,21599 28 34,605,20
180,21634 36 38,450,1
181,21639 28 34,310,12
182,21643 16 26,0,-6
183,21643 28 32,585,6
184,21656 28 34,530,3
185,21666 M 2XL,395,-36
186,21683 36 40,595,-5
187,21684 36 40,595,-26
188,21694 28 34,535,1
189,21775 28 34,430,8
190,21790 28 34,595,4
191,21791 28 34,490,4
192,21792 28 34,510,12
193,21794 28 34,475,-1
194,21804 34 38,560,18
195,21817 28 34,475,24
196,21823 28 34,575,7
197,21825 28 34,445,25
198,21839 28 32,405,45
199,21850 34 38,615,2
200,21858 28 30,485,-1
201,21858 28 34,0,1
202,21867 28 34,565,4
203,21871 28 34,665,12
204,21874 28 30,605,1
205,21896 28 34,395,60
206,21902 28 34,455,1
207,21918 28 34,440,1
208,21920 28 34,575,2
209,21925 28 34,535,4
210,21932 28 30,590,3
211,21937 28 34,515,1
212,21947 28 34,585,4
213,21952 28 32,545,20
214,21976 28 34,545,25
215,21982 28 36,335,4
216,21989 28 32,480,1
217,21991 28 32,580,7
218,21997 28 32,585,1
219,22003 28 34,425,82
220,22040 28 32,570,7
221,22045 28 34,425,25
222,22052 28 34,440,69
223,22065 28 34,430,4
224,22066 28 32,610,6
225,22075 28 32,480,5
226,22087 28 34,595,4
227,22111 28 34,575,-4
228,22114 28 34,300,12
229,22125 28 34,450,1
230,22131 36 38,570,18
231,22142 28 32,610,1
232,22149 28 32,445,1
233,22165 28 30,595,1
234,22183 28 34,565,1
235,22191 28 34,540,6
236,22207 28 34,515,1
237,22218 36 38,610,6
238,22219 28 34,580,41
239,22221 28 34,555,1
240,22226 28 34,485,1
241,22229 28 32,570,3
242,22245 28 32,485,5
243,22264 28 32,580,4
244,22286 28 32,480,-35
245,22286 28 34,480,-5
246,22293 28 34,570,27
247,22296 28 34,430,24
248,22297 28 34,405,8
249,22312 28 34,540,7
250,22313 28 34,555,3
251,22314 28 34,585,1
252,22329 28 34,545,4
253,22335 28 34,490,8
254,22343 28 34,455,11
255,22349 28 32,505,1
256,22352 28 32,515,1
257,22353 28 34,510,20
258,22359 28 34,470,1
259,22374 28 34,520,2
260,22380 28 32,535,6
261,22381 28 32,510,10
262,22383 28 32,470,44
263,22389 28 34,570,4
264,22400 36 38,615,1
265,22401 28 34,475,4
266,22411 28 32,465,1
267,22414 28 34,695,-16
268,2242 6 16,395,5
269,22423 28 34,0,4
270,22424 28 34,550,30
271,22435 28 34,590,2
272,22442 28 32,485,-5
273,22442 28 34,0,5
274,22451 28 32,455,2
275,22452 28 34,505,4
276,2246 1 5,325,30
277,22461 28 34,485,5
278,22465 28 32,560,8
279,2247 1 5,325,18
280,22495 28 34,425,23
281,22502 36 38,605,2
282,22519 28 32,465,3
283,2252 6 16,370,30
284,22522 28 32,555,-1
285,22524 28 34,385,8
286,2253 6 16,390,6
287,22539 28 34,550,10
288,22541 28 34,595,9
289,22543 28 34,485,-4
290,22546 28 34,495,7
291,22547 36 40,575,-1
292,22554 36 40,455,24
293,22568 36 40,545,4
294,22572 36 40,355,9
295,22573 34 38,590,3
296,22599 28 32,540,1
297,22603 28 34,440,-2
298,22610 28 36,395,43
299,22611 28 36,505,154
300,22624 28 34,555,2
301,2263 12 20,380,10
302,22631 28 34,570,1
303,22636 28 34,635,4
304,22638 36 38,680,2
305,22639 28 32,555,5
306,22643 28 34,610,-6
307,22651 28 34,565,1
308,22659 34 38,605,5
309,22663 34 38,470,2
310,22666 36 38,545,21
311,22667 28 34,685,-1
312,22667 28 36,0,2
313,22677 28 34,555,1
314,22686 28 34,430,6
315,22698 28 32,560,-4
316,22700 28 32,515,1
317,22722 28 32,480,1
318,22727 28 32,580,-4
319,22731 28 34,535,20
320,22732 28 34,605,32
321,22738 28 34,535,4
322,22750 28 34,425,1
323,22790 28 34,600,-2
324,22792 28 34,595,5
325,22804 28 34,495,30
326,22813 28 34,455,8
327,22819 28 34,360,78
328,22831 28 32,550,-9
329,22831 28 34,0,4
330,22845 28 34,0,5
331,22862 28 30,535,8
332,22862 28 34,535,3
333,22865 28 34,525,4
334,22867 28 34,475,1
335,22881 28 32,485,11
336,22882 28 32,585,2
337,22882 28 34,585,-2
338,22896 28 34,485,-4
339,22906 28 32,485,-2
340,22906 28 34,0,10
341,22908 28 32,395,1
342,22913 36 38,585,23
343,22926 28 34,635,8
344,22931 36 40,470,5
345,22932 36 40,485,7
346,22933 28 34,480,-1
347,22934 28 34,545,1
348,22956 28 34,600,1
349,22965 28 32,520,1
350,22966 28 34,550,-3
351,22970 28 34,595,80
352,22971 28 34,560,40
353,22972 36 40,635,11
354,22973 36 40,595,29
355,22989 36 40,720,-1
356,22990 28 34,695,9
357,23007 28 34,475,1
358,23008 28 34,520,48
359,23013 28 32,475,1
360,23014 28 32,425,-5
361,23015 28 32,440,20
362,23022 28 34,425,82
363,23024 28 34,480,36
364,23027 28 32,580,2
365,23035 28 34,560,3
366,23071 28 34,690,12
367,23079 28 32,525,-4
368,23082 28 32,615,5
369,23094 28 32,535,35
370,23095 28 34,595,8
371,23096 28 36,530,2
372,23099 36 38,0,4
373,23099 36 40,590,-8
374,23108 28 32,470,1
375,23110 28 34,545,4
376,23112 28 34,560,12
377,23114 28 32,525,1
378,23121 28 34,635,6
379,23125 28 34,480,4
380,23128 36 38,535,4
381,23132 28 32,445,1
382,23135 28 32,515,1
383,23144 28 30,485,2
384,23151 28 30,580,1
385,23158 28 32,480,1
386,23159 28 32,480,2
387,23160 28 34,560,8
388,23161 28 34,570,-5
389,23162 28 34,625,1
390,23167 28 34,440,5
391,23169 28 34,520,2
392,23173 L 2XL,345,4
393,23179 28 32,575,7
394,23201 28 32,555,19
395,23202 28 32,565,17
396,23204 28 30,0,-12
397,23204 28 32,580,12
398,23205 28 30,535,-1
399,23206 28 30,535,-1
400,23216 28,460,-1
401,23229 28 34,495,16
402,23239 36 38,575,40
403,23244 28 34,505,3
404,23248 36 40,630,34
405,23249 28 34,605,5
406,23253 28 34,440,6
407,23265 28 34,510,1
408,23273 28 34,530,-10
409,23275 28 34,530,1
410,23282 28 32,460,2
411,23288 34 38,610,12
412,23289 28 32,735,8
413,2329 22 24,480,4
414,23291 28 34,705,1
415,23300 28 32,585,1
416,23301 28 32,545,10
417,23305 28 30,505,10
418,23312 28 34,430,1
419,23313 28 34,560,-1
420,23323 28 34,545,14
421,23324 28 34,535,17
422,23331 28 34,595,53
423,23334 28 32,565,-1
424,23337 28 32,505,32
425,23340 28 32,520,-5
426,23342 28 32,395,1
427,23345 28 34,555,4
428,23357 28 34,620,1
429,23361 28 34,575,5
430,23364 28 32,530,1
431,23369 28 30,580,23
432,23369 28 34,580,9
433,23372 28 34,630,7
434,23373 28 32,0,4
435,23373 28 34,475,65
436,23374 28 34,455,1
437,23375 28 34,575,8
438,23379 28 32,525,4
439,23381 28 34,725,-1
440,23382 28 32,475,9
441,23384 28 32,515,2
442,23390 28 32,490,20
443,23391 28 32,495,20
444,23392 28 32,495,-1
445,23394 28 32,615,-2
446,23395 28 34,615,1
447,23396 28 32,535,1
448,23399 28 30,455,6
449,2340 12 20,365,4
450,23400 28 32,460,1
451,23401 28 34,515,46
452,23407 36 40,550,-2
453,23408 28 34,395,133
454,23409 28 34,405,1
455,23414 36 38,775,1
456,23415 28 34,505,38
457,23417 28 32,350,-1
458,23422 28 32,345,24
459,23428 28 32,510,45
460,23430 28 32,485,1
461,23433 28 34,545,1
462,23438 36 38,625,25
463,23439 36 38,615,26
464,23440 28 34,525,6
465,23441 28 34,535,10
466,23442 28 34,565,-1
467,23445 28 34,570,5
468,23446 28 32,510,1
469,23449 28 32,435,-4
470,23454 28 30,590,8
471,23455 28 32,535,10
472,23456 28 34,375,12
473,23457 28 34,455,17
474,23460 28 34,495,35
475,23461 28 32,505,-1
476,23464 28 32,565,35
477,23465 28 32,565,19
478,23475 28 34,670,10
479,23481 28 34,425,1
480,23482 36 40,590,20
481,23485 34 38,570,15
482,23486 28 34,490,1
483,23487 28 32,480,29
484,23491 28 34,615,3
485,23492 28 34,590,1
486,23495 28 34,530,4
487,23496 28 34,465,-1
488,23497 28 34,490,17
489,23499 36 38,440,51
490,23503 28 34,565,-12
491,23505 28 34,595,16
492,23506 28 34,560,9
493,23509 28 32,510,15
494,23511 28 34,530,10
495,23512 28 34,565,4
496,23513 28 34,570,36
497,23514 28 34,570,38
498,23515 28 34,410,-4
499,23516 28 34,630,2
500,23517 28 34,605,40
501,23519 34 38,710,-1
502,23520 28 32,435,1
503,23522 28 32,570,20
504,23524 28 32,570,27
505,23527 28 32,465,2
506,23528 28 32,510,1
507,23529 28 32,510,1
508,23532 28 34,565,5
509,23535 34 36,620,8
510,23543 28 34,605,4
511,23545 28 34,585,4
512,23547 36 38,640,6
513,23551 28 34,735,3
514,23565 28 32,310,20
515,23568 28 34,495,1
516,23569 28 34,520,1
517,23570 28 34,495,5
518,23571 36 40,705,2
519,23573 28 32,540,5
520,23575 28 32,530,7
521,23577 28 32,365,30
522,23583 28 32,475,1
523,23585 28 32,560,11
524,23586 28 34,395,1
525,23588 28 30,580,8
526,23590 28 32,520,-5
527,23592 34 36,550,14
528,23599 28 32,460,1
529,23600 28 34,465,-2
530,23603,675,1
531,23604,730,30
532,23606 28 34,560,-4
533,23609,505,1
534,23610,475,-5
535,23611,595,-6
536,23614,595,1
537,23620,730,3
538,23622,730,-4
539,23627 28 34,580,1
540,23631 28-34,620,1
541,23636 28 34,445,8
542,23643 M-l-xl,450,11
543,23644 28 34,505,24
544,23645 M to xl,595,3
545,23646 28 32,445,25
546,23647 28 32,445,40
547,23648 28 32,455,1
548,23651 34 36,525,4
549,23652 28 34,695,20
550,23657 36 40,710,-3
551,23665 28 34,670,20
552,23674 28 32,475,2
553,23678 28 32,590,-4
554,23679 28 32,565,4
555,23680 28 32,590,44
556,23681 28 32,525,2
557,23684 28 34,585,32
558,23692 XL XXL,300,16
559,23695 28 34,610,1
560,23697 28 34,525,2
561,23701 28 32,525,16
562,23710 28 32,505,1
563,23712 28 34,705,2
564,23717 28 32,480,1
565,23718 28 34,515,8
566,23725 28 34,590,24
567,23727 36 38,640,8
568,23732 28,570,-8
569,23733 28,560,1
570,23736 28 34,425,1
571,23737 28 34,450,4
572,23745 28 34,310,12
573,23747 28 32,620,4
574,23751 28,510,42
575,23753 XL XXL,255,26
576,23755 28 32,520,1
577,23758 36 40,675,-1
578,23759 28 34,705,2
579,23764 28 32,605,15
580,23766 28 30,565,-4
581,23773 28 34,690,1
582,23776 28 34,570,8
583,23781 28 32,455,3
584,23784 28 32,585,20
585,23786 28 34,730,1
586,23793 28 32,490,-1
587,23796 28 34,345,8
588,23800 28 32,550,2
589,23802 28 34,425,149
590,23803 28 34,480,5
591,23804 28 34,540,1
592,23807 28 32,375,1
593,23809 28,545,-2
594,23809 28 34,545,2
595,23810 28 32,455,20
596,23812 28 34,530,4
597,23813 28 34,640,1
598,23814 28 32,570,5
599,23815 28 32,480,16
600,23816 28 34,485,24
601,23824 28 34,530,24
602,23825 28 34,375,12
603,23827 28 34,555,32
604,23828 28 34,505,100
605,23829 M L XL,590,6
606,23830 28 34,465,-1
607,23832 28 36,625,2
608,23835 28 34,495,24
609,23836 M L XL,565,36
610,23837 28 34,460,121
611,23839 28 34,495,2
612,23841 28 34,455,2
613,23842 28 34,495,23
614,23845 28 32,545,6
615,23846 28,560,-4
616,23846 28 34,560,5
617,23848 28 32,505,-4
618,23852 28 34,335,1
619,23853 28 34,415,-5
620,23855 28 34,465,73
621,23856 34 38,560,2
622,23857 34 38,615,2
623,23858 34 38,580,23
624,23864 28 34,535,8
625,23867 28 34,575,1
626,23868 28 34,570,25
627,23869 28 34,610,1
628,23872 28 34,545,1
629,23874 28 32,470,12
630,23876 28 32,365,5
631,23878 28 34,545,1
632,23880 28 34,435,11
633,23883 28 34,440,-1
634,23886 28 34,640,1
635,23887 28 32,475,8
636,23888 28 34,545,1
637,23890 28 34,445,3
638,23891 28 34,470,2
639,23892 28 34,530,30
640,23893 28 34,525,6
641,23894 28 34,655,4
642,23897 28 34,555,5
643,23899 28 34,530,-4
644,23904 28 34,720,8
645,23908 28 34,625,16
646,23910 28 34,605,5
647,23915 28 34,570,8
648,23917 28 34,570,16
649,23918 28 34,490,4
650,23922 36 40,525,10
651,23924 28 34,715,16
652,23926 28 32,550,40
653,23928 28 34,510,20
654,23929 28 34,585,20
655,23931 28 34,310,5
656,23932 28 34,275,15
657,23935 28 34,585,157
658,23937 28 32,375,130
659,23940 28 34,345,36
660,23941 36 40,375,36
661,23942 28 34,380,21
662,23943 36 38,620,8
663,23948 36 40,575,9
664,23949 28 34,390,32
665,23951 28 34,530,4
666,23952 28,510,4
667,23956 28 34,715,8
668,23961 28 32,520,-3
669,23962 28 34,690,20
670,23964 28 34,635,4
671,23965 28 34,645,4
672,23966 28 34,595,12
673,23973 28 32,430,1
674,23977 28 30,545,2
675,23982 28 34,695,4
676,23984 28 34,665,1
677,23988 28 32,550,5
678,23989 28 30,545,1
679,23991 28 30,435,32
680,23994 28 34,585,8
681,23998 30 36,415,1
682,24000 36 38,720,3
683,24001 28 34,780,5
684,24005 28 34,495,25
685,24007 36 38,355,93
686,24010 28,530,3
687,24011 28 34,560,24
688,24013 28 34,715,8
689,24014 34 38,405,63
690,24016 28 34,710,4
691,24021 28 34,690,1
692,24024 32 38,795,19
693,24025 28 32,460,37
694,24029 28 34,860,29
695,24030 28 34,765,3
696,24031 28 34,595,24
697,24032 28 34,620,1
698,24043 28 34,525,20
699,24044 28 34,540,35
700,24045 28 34,455,61
701,24047 38 46,655,4
702,24048 28 34,325,29
703,24049 28 34,395,44
704,24051 28 34,490,20
705,24057 28 32,360,100
706,24058 28 34,760,8
707,24059 28 34,775,15
708,24060 28 34,780,20
709,24061 28 34,445,2
710,24062 28 34,615,28
711,24064 28 34,645,125
712,24066 28 34,565,4
713,24067 28 32,470,30
714,24071 28 34,645,4
715,24077 28 34,285,438
716,24079 36 38,375,23
717,24080 28 32,405,104
718,24081 28 34,770,22
719,24082 36 38,695,12
720,24085 28 34,470,3
721,24086 28 34,595,4
722,24089 28 32,455,13
723,24091 28 34,555,4
724,24092 28 34,625,4
725,24094 28 32,505,21
726,24095 28 34,440,2
727,24096 28 30,550,5
728,24097 28 34,630,36
729,24098 28 34,490,80
730,24099 28 32,385,28
731,24102 28 34,505,1
732,24104 28 34,710,27
733,24106 36 38,835,32
734,24112 28 34,425,97
735,24113 28 34,415,-1
736,24114 28 34,430,4
737,24117 28 34,505,36
738,24119 28 34,615,48
739,24120 28 34,810,16
740,24121 28 32,560,2
741,24122 28 32,470,-5
742,24124 28 34,535,12
743,24125 36 38,685,16
744,24128 28 32,475,5
745,24130 28 34,660,9
746,24132 28 34,660,12
747,24134 28 32,545,1
748,24136 28 34,580,24
749,24137 28,605,2
750,24139 28 34,505,39
751,24142 28 34,555,12
752,24144 28 32,605,16
753,24148 28 34,520,12
754,24149 28 32,470,26
755,24150 28 32,525,95
756,24151 28 32,450,20
757,24152 28 34,365,90
758,24153 28 32,575,28
759,24154 28 32,555,11
760,24155 28 34,480,30
761,24156 28 34,495,15
762,24157 28 34,535,36
763,24158 30 36,550,4
764,24159 28 34,550,44
765,24160 36 40,580,32
766,24161 28 32,495,20
767,24163 28,530,15
768,24165 28 32,345,44
769,24166 28 32,395,28
770,24167 28 34,545,19
771,24169 28 34,680,24
772,24170 28 34,605,-3
773,24171 28 32,615,1
774,24172 28 34,560,44
775,24173 28 34,810,56
776,24174 28 34,530,25
777,24175 28 34,510,5
778,24177 28 34,645,34
779,24178 28 34,670,24
780,24179 28 34,595,24
781,24180 28 34,570,36
782,24181 28 32,390,56
783,24182 28 34,545,12
784,24183 28 32,580,1
785,24184 28 32,625,24
786,24185 28 34,470,28
787,24186 28 34,505,36
788,24187 28 34,510,44
789,24188 28 32,470,28
790,24189 28 32,495,5
791,24190 28 34,655,37
792,24191 28 34,615,4
793,24192 24 34,580,91
794,24193 28 34,615,60
795,24194 28 34,810,37
796,24195 28 34,810,28
797,24196 28 32,580,12
798,24197 28 32,480,2
799,24198 28 34,480,36
800,24199 28 32,510,75
801,24200 28 30,510,32
802,24201 28 34,605,40
803,24202 28 34,475,10
804,24203 3XL TO 5XL,405,156
805,24204 28 32,560,3
806,24205 28 32,565,3
807,24206 28 32,425,40
808,24207 28 32,445,32
809,24208 28,610,32
810,24209 28,590,4
811,24210 28,555,20
812,24211 28,490,25
813,24212 28 34,445,15
814,24213 28 30,510,28
815,24213 28 34,510,80
816,24214 28 34,455,35
817,24215 28 32,565,91
818,24216 28 32,625,50
819,24217 28 32,640,40
820,24218 36 40,635,57
821,24219 28 34,505,120
822,24220 28 34,810,36
823,24221 28 34,665,8
824,24222 28 34,585,36
825,24223 28 34,615,8
826,24224 28 32,555,24
827,24225 28 32,535,24
828,24226 28 34,670,80
829,24227 28 34,595,40
830,24228 28 34,595,36
831,24229 28 32,535,44
832,24230 28 32,545,28
833,24231 28 34,655,36
834,24232 28 32,480,25
835,24233 28 34,615,32
836,24234 28 34,645,90
837,24235 28 34,465,12
838,24236 28 30,515,28
839,24237 28 34,425,35
840,24238 36 40,540,46
841,24239 28 32,530,38
842,24240 28 32,425,100
843,24242 28 32,425,37
844,24243 28 34,545,40
845,24244 28 34,610,85
846,24245 28 34,510,28
847,24247 28 34,525,90
848,24248 28 32,495,50
849,24249 28 32,530,60
850,24250 28 32,525,65
851,24251 28 32,505,30
852,24253 28 32,445,70
853,24254 28 34,510,90
854,24255 28 32,585,51
855,24256 28 32,605,60
856,24257 28 34,810,48
857,24258 28 34,675,52
858,24259 28,540,8
859,24260 28 34,545,60
860,24261 28 34,555,44
861,24262 28 34,590,48
862,24263 28 34,630,60
863,24264 28 34,605,25
864,24265 28 34,630,55
865,24266 28 34,625,111
866,24267 36 40,430,30
867,24268 28 32,475,41
868,24269 28 34,470,25
869,24270 36 40,675,48
870,24271 28 30,455,60
871,24274 28 30,560,44
872,24275 28 30,505,60
873,24276 28 30,515,52
874,24277 28 30,505,56
875,24278 28 30,525,44
876,24279 28 34,635,40
877,2497 6 16,410,1
878,25 12 15,145,12
879,25 16 18,155,3
880,254 30 36,695,1
881,2564 6 16,195,-1
882,2591 12 20,410,-10
883,2596 10 20,310,6
884,2626 10 20,535,6
885,2642 10 20,550,6
886,2676 6 16,460,12
887,2677 6 16,460,12
888,2691 12 16,295,10
889,2694 12 20,450,-1
890,2695 12 20,450,5
891,2696 2 10,425,20
892,2701 22 24,485,8
893,2703 10 20,445,53
894,2707 12 20,450,9
895,2708 22 24,480,4
896,2709 12 20,485,25
897,2715 10 20,445,6
898,272 30 36,645,4
899,2721 2 10,425,40
900,2727 10 20,495,24
901,2731 6 16,255,12
902,2737 6 16,410,30
903,2738 12 20,425,40
904,2742 10 20,395,1
905,2754 6 16,460,48
906,2756 6 16,421,18
907,2763 16 20,445,36
908,2763 6 16,375,18
909,2765 16 20,435,72
910,2770 6 16,250,6
911,2772 12 20,260,-1
912,2773 6 16,335,30
913,2795 1 5,265,10
914,2796 1 5,265,30
915,2797 18 24,330,4
916,2800 22 30,330,20
917,2800 32 40,355,30
918,2801 18 24,330,24
919,2807 12 20,465,12
920,28105 FREE,535,6
921,28110 FREE,250,5
922,2819 6 16,385,24
923,2821 6 16,385,36
924,2827 6 16,425,52
925,2831 6 16,330,6
926,2841 6 16,460,18
927,2842 6 16,375,36
928,2844 10 20,395,36
929,2845 10 20,310,24
930,2847 18 24,365,28
931,2848 18 24,425,32
932,2849 6 16,330,12
933,2851 20 24,520,21
934,2853 6 16,435,18
935,2854 12 20,425,5
936,2855 20 24,450,6
937,2857 12 20,575,20
938,2858 6 16,550,78
939,2859 20 24,510,3
940,3032 18,445,1
941,3058 18,445,8
942,3063 18,470,4
943,3100 22 30,150,59
944,3100 32 40,150,45
945,3101 22 30,205,5
946,31481 FREE,"1,090.00",1
947,31901 MASTER,635,1
948,31960 L 2XL,810,2
949,31965 38 42,"1,030.00",4
950,31969 L 2XL,0,3
951,32028 FREE,"1,110.00",1
952,32031 XL XXL,"1,510.00",1
953,32055 S.M.L.,400,3
954,32057 XL,620,3
955,32062 M XL,895,1
956,32066 FREE,535,6
957,32069 L 2XL,895,1
958,32070 FREE,535,2
959,32083 L XL,905,1
960,32086 L XL,780,1
961,32089 FREE,"1,295.00",1
962,32092 M 2XL,"1,195.00",1
963,33000 M XL,"1,300.00",1
964,33044 FREE,535,2
965,33045 FREE,560,3
966,33050 FREE,535,1
967,33053 L 2XL,"1,195.00",1
968,33064 FREE,500,1
969,33067 FREE,380,1
970,33106 XL,475,1
971,33120 M 2XL,705,5
972,33139 FREE,475,1
973,33140 FREE,530,-5
974,33143 M XL,530,1
975,33145 S XL,540,10
976,33146 S XL,490,7
977,33152 M 2XL,655,3
978,33161 FREE,665,3
979,33162 FREE,495,2
980,33165 26 32,485,-2
981,33191 XL,485,1
982,33193 S XL,465,1
983,33195 S.M.L.,475,1
984,33196 M LXL,575,-3
985,33198 M LXL,585,6
986,33216 FREE,615,-12
987,33222 L 2XL,670,7
988,33226 XL,690,1
989,33235 S 2XL,545,8
990,33243,735,5
991,33250 32 36,650,6
992,33251 M LXL,630,6
993,33255 M 2XL,535,23
994,33258 36 40,495,1
995,33285 26 34,555,-5
996,33287 26 34,405,-5
997,33291 M 2XL,790,20
998,33295 M LXL,665,-3
999,33296 M LXL,680,3
1000,33299 M LXL,510,10
1001,33305 M LXL,680,9
1002,33308 M LXL,535,30
1003,33309 M LXL,515,-2
1004,33310 M LXL,505,2
1005,33315 M LXL,455,3
1006,33316 M LXL,455,9
1007,33319 XL,595,8
1008,33321 XL,590,2
1009,33322 XL,565,17
1010,33323 XL,585,8
1011,33327 L 2XL,580,3
1012,33328 M 2XL,665,12
1013,33330 26 36,565,12
1014,33331,635,18
1015,33333,560,18
1016,33336 26 34,485,30
1017,33338,525,3
1018,33339,495,20
1019,33341,610,1
1020,33342,545,21
1021,33346 M 2XL,795,27
1022,33347 L XL,690,4
1023,33348 L XL,690,8
1024,33349 26 36,565,24
1025,33350 26 36,565,36
1026,33351 26 36,565,18
1027,33352 26 36,565,44
1028,33528 M 2XL,445,-1
1029,33529 M 2XL,445,-1
1030,33530 M 2XL,445,-2
1031,33538 L 2XL,575,1
1032,33542 M 2XL,385,3
1033,33543 M 2XL,385,7
1034,33544 M 2XL,385,2
1035,33552 M 2XL,515,4
1036,33554 M 2XL,410,4
1037,33556 M XL,280,-2
1038,33557 M XL,240,7
1039,33558 M XL,240,16
1040,33561 L,245,-1
1041,33562 M,245,1
1042,33562 XL,255,-1
1043,34003 L 2XL,180,7
1044,34004 L 2XL,170,3
1045,3420 28 38,715,6
1046,3648 24 34,690,12
1047,3663 32 40,310,1
1048,3837 32 40,255,1
1049,3941 26 32,455,2
1050,3954 22 30,260,20
1051,3961 24 34,255,11
1052,39701 28 34,315,-3
1053,39702 L XL,265,8
1054,39704 L 3XL,265,8
1055,39705 L 3XL,265,4
1056,4 4 5Y,75,4
1057,4004 28 34,365,3
1058,4017 28 32,395,3
1059,4026 28 34,410,1
1060,407 32 40,525,10
1061,4072 28 34,300,4
1062,40788 16 26,340,6
1063,4095 32 40,270,10
1064,4103 22 30,310,-35
1065,41601 L,205,2
1066,4176 22 30,335,15
1067,4180 22 30,405,5
1068,4192 32 40,265,10
1069,4242 28 34,385,2
1070,4249 28 34,435,21
1071,4252 34 36,310,19
1072,4293 22 30,445,5
1073,4303 22 30,310,4
1074,4304 32 40,295,10
1075,4309 22 30,355,1
1076,4316 28 34,405,7
1077,4332 32 40,425,10
1078,4333 22 30,435,15
1079,4337 32 40,415,20
1080,4340 28 32,505,20
1081,4341 22 30,415,45
1082,4366 28 34,645,4
1083,439 SMALL,465,-10
1084,44403 30 36,555,1
1085,4457 10 13,175,4
1086,4462 10 13,175,8
1087,4500 32 40,335,45
1088,45032(615) 28 32,570,3
1089,45037(575) 20,490,3
1090,45037(575) 22 26,510,3
1091,45037(575) 28 32,570,3
1092,4504 22 30,405,25
1093,45047(644) 28 32,630,3
1094,4505 32 40,450,40
1095,45051(1065) 28 32,645,1
1096,45058(1061) 22 26,575,3
1097,45059(126) 1 10,540,10
1098,45060(125) 1 10,690,20
1099,45063(1074) 28 32,625,3
1100,45064(1152) 20,550,6
1101,45104(336) 20,560,1
1102,45117(1128) 28 32,590,3
1103,4529 32 40,335,45
1104,4551 26 30,460,1
1105,4561 24 34,220,-1
1106,4574 26 30,355,3
1107,4576 30 38,380,-9
1108,45903 L 2XL,770,-2
1109,45909 L 2XL,805,6
1110,45910 L 2XL,790,-3
1111,45917 L 2XL,275,-1
1112,45918 L 2XL,300,-3
1113,45919 L 2XL,285,3
1114,45921 L 2XL,285,3
1115,45923 L 2XL,605,2
1116,4603 28 34,490,10
1117,4618 22 30,460,15
1118,4619 32 40,510,5
1119,4625 24 34,485,36
1120,4627 28 34,425,4
1121,4644 28 34,430,4
1122,4680 24 34,455,18
1123,46901 FREE,130,-11
1124,46905 FREE,180,5
1125,46921 FREE,285,-3
1126,46930 FREE,105,-6
1127,46931 FREE,155,3
1128,46961 FREE,125,-1
1129,46979 FREE,290,-2
1130,46981 FREE,130,10
1131,46985 FREE,170,6
1132,46989 FREE,105,18
1133,47102 L XL,545,27
1134,47103 L XL,835,14
1135,4722 32 40,430,10
1136,4724 26 30,395,6
1137,4725 26 30,380,1
1138,4733 32 40,560,15
1139,4739 32 40,440,9
1140,4743 26 30,390,32
1141,4745 32 40,405,30
1142,4771 28 34,565,20
1143,4799 22 30,140,25
1144,4802 22 30,140,159
1145,4803 32 40,155,175
1146,4804 22 30,145,220
1147,4805 16 22,350,4
1148,4808 22 30,120,30
1149,4815 32 40,170,70
1150,4817 32 40,455,10
1151,4820 28 34,405,4
1152,4822 22 30,305,40
1153,4834 32 40,455,20
1154,4850 28 34,485,12
1155,4851 28 34,440,5
1156,4853 28 34,485,14
1157,4859 32 40,435,35
1158,4860 26 30,390,11
1159,4864 32 40,375,-10
1160,4872 26 30,315,24
1161,4891 22 30,170,110
1162,4892 32 40,195,90
1163,4899 32 40,355,15
1164,4920 22 30,375,15
1165,4922 22 30,350,29
1166,4928 32 40,380,10
1167,4929 24 30,345,24
1168,4931 32 40,380,10
1169,4939 16 20,355,1
1170,4962 28 34,495,58
1171,4963 32 40,410,25
1172,4964 32 40,355,5
1173,4966 32 40,345,5
1174,4968 36 40,505,2
1175,4971 22 30,405,17
1176,4975 26 36,355,16
1177,5001 36 40,"4,103.00",24
1178,501 22 30,445,15
1179,5012 28 34,405,8
1180,5019 32 40,435,35
1181,502021 24 36,330,7
1182,502024 22 30,340,1
1183,502024 32 40,350,9
1184,502025 22 30,340,29
1185,502025 32 40,350,30
1186,502026 22 30,340,5
1187,502029 32 40,350,5
1188,502032 22 36,390,32
1189,502033 22 36,390,32
1190,502034 22 36,390,24
1191,502035 22 36,390,8
1192,502037 22 36,390,40
1193,502038 22 36,390,8
1194,502042 32 40,365,15
1195,502043 32 40,370,15
1196,502044 32 40,390,10
1197,502047 26 36,455,12
1198,502048 24 36,385,17
1199,50205 26 36,245,4
1200,502053 22 36,395,1
1201,502057 26 36,355,48
1202,502059 24 36,165,7
1203,50206 26 36,255,-5
1204,502060 24 36,165,21
1205,502066 24 36,395,-7
1206,502067 24 36,395,7
1207,502070 24 36,335,-7
1208,502071 24 36,385,7
1209,502072 24 36,335,7
1210,502074 24 36,270,7
1211,502083 24 36,480,1
1212,502084 32 40,385,-5
1213,502085 32 40,375,-5
1214,502086 32 40,350,-4
1215,502087 32 40,365,-25
1216,50209 26 36,445,24
1217,502091 32 40,365,5
1218,502096 24 36,355,6
1219,502097 24 36,355,-14
1220,5022 28 30,540,18
1221,50224 32 40,230,-1
1222,50225 22 30,230,18
1223,50226 32 40,250,15
1224,50227 30 40,185,168
1225,50234 22 30,220,5
1226,50236 24 30,435,-4
1227,50236 32 36,460,3
1228,50238 22 30,220,35
1229,50239 32 40,240,15
1230,50240 22 30,220,-5
1231,50241 32 40,240,-5
1232,50242 42 44,285,14
1233,50243 32 40,240,35
1234,50244 22 30,220,25
1235,50245 32 40,240,25
1236,50246 42 44,285,4
1237,50247 22 30,220,50
1238,50249 32 40,400,-5
1239,50250 32 40,400,-7
1240,50252 22 30,390,1
1241,50264 22 30,195,10
1242,50270 22 30,400,40
1243,50271 32 40,430,65
1244,50278 22 30,195,10
1245,50282 32 40,220,-1
1246,50284 22 30,195,25
1247,50285 32 40,225,15
1248,50286 M LXL,245,6
1249,50287 22 30,200,5
1250,5034 32 40,380,40
1251,5035 26 30,330,6
1252,5040 32 40,375,-10
1253,50406 (161) 16 20,445,3
1254,50413 (171) 22 26,640,5
1255,50413 (171) 28 32,715,6
1256,50415(189) 22 26,640,5
1257,50415(189) 28 32,715,6
1258,5059 32 40,370,5
1259,5060 32 40,370,5
1260,50641 L,310,3
1261,50653 (2XL),315,-4
1262,50653 (XL),310,4
1263,50656 (2XL),340,3
1264,50656 (L),330,12
1265,50656 (M),325,6
1266,50657 (2XL),340,16
1267,50657 (L),330,8
1268,50657 (M),325,6
1269,50657 (XL),335,-3
1270,50658 (L),310,6
1271,50658 (M),305,12
1272,50658 (XL),315,10
1273,50659 (2XL),380,12
1274,50659 (L),370,12
1275,50659 (M),365,4
1276,50659 (XL),375,12
1277,5066 28 34,520,4
1278,50660 (26 30),275,-6
1279,50660 (32 36),275,6
1280,50663 L,370,-6
1281,50663 XL,375,6
1282,50664 2XL,365,12
1283,50665 32 40,325,20
1284,5067 34 40,135,19
1285,5068 34 40,140,10
1286,5069 32 40,145,95
1287,5070 32 40,155,100
1288,5083 24 34,380,2
1289,5089 22 30,375,25
1290,5095 28 34,460,20
1291,5096 32 40,440,18
1292,5099 22 30,385,24
1293,5109 M 2XL,475,1
1294,5110 26 30,415,8
1295,5113 28 32,485,5
1296,5127 32 40,475,5
1297,5131 32 40,535,1
1298,5138 26 30,425,6
1299,5141 32 40,455,30
1300,5143 22 30,370,10
1301,5144 22 30,421,-10
1302,5145 22 30,355,25
1303,5156 32 40,455,-5
1304,5163 22 30,300,10
1305,5165 22 30,300,20
1306,51795 22 30,355,30
1307,518 22 30,445,45
1308,518 32 40,475,55
1309,5183 32 40,425,25
1310,5184 22 30,345,15
1311,5188 32 40,360,5
1312,5193 24 34,385,12
1313,5198 22 30,295,30
1314,5200 32 40,320,20
1315,5201 22 30,275,34
1316,5204 28 34,505,8
1317,5206 24 34,385,30
1318,5209 32 40,465,-30
1319,5211 28 34,375,1
1320,5212 28 34,475,60
1321,5224 XL,150,1
1322,5228 XL,300,-1
1323,5231 32 40,375,-5
1324,5237 16 20,385,6
1325,5238 26 36,350,6
1326,5239 16 20,410,57
1327,5240 16 20,425,8
1328,5244 28 34,405,2
1329,5247 28 34,430,3
1330,5252 22 30,295,1
1331,5254 28 34,365,16
1332,5256 28 34,490,8
1333,5257 28 34,495,16
1334,5258 28 34,455,8
1335,5259 28 34,425,16
1336,5261 28 34,555,32
1337,5262 28 32,555,35
1338,5265 26 36,380,-12
1339,5266 26 36,380,12
1340,5268 26 36,440,36
1341,5269 26 36,365,60
1342,52701(101) 28 32,660,-3
1343,52701(101) 34 38,710,3
1344,52701(S33) 28 32,590,6
1345,52704(403) 28 32,635,3
1346,5271 32 40,405,10
1347,5272 32 40,405,15
1348,5273 26 36,375,30
1349,5273 36 38,595,24
1350,5274 26 36,375,36
1351,5275 32 40,335,30
1352,52823 26 30,210,33
1353,52824 26 30,210,27
1354,53081 22 30,385,11
1355,53194 22 30,360,5
1356,53201(764) 1 10,799,10
1357,53211(779) 1 10,775,5
1358,53217(749) 1 10,740,20
1359,53218(776) 1 10,740,10
1360,53219(816) 2 10,880,-3
1361,53243(1064) 1 10,"1,110.00",10
1362,53246(1024) 2 10,"1,435.00",9
1363,53253(1145) 0 5,855,6
1364,53257(901) 2 10,"1,030.00",8
1365,53258(1202) 2 10,"1,145.00",9
1366,53264(1147) 2 10,"1,095.00",9
1367,53265(1220) 2 10,"1,205.00",9
1368,53266(1221) 2 10,"1,205.00",9
1369,53267(1209) 0 5,799,6
1370,53295 22 30,425,5
1371,53311 22 30,465,9
1372,53340 22 30,295,45
1373,53343 22 30,325,4
1374,53432 22 30,295,20
1375,53495 26 30,360,5
1376,53590 22 30,425,10
1377,53621 22 30,375,10
1378,53631 22 30,340,25
1379,53664 22 30,475,4
1380,53685 22 30,435,15
1381,53686 22 30,435,15
1382,53691 22 30,475,1
1383,53697 22 30,465,30
1384,53707 22 30,425,-1
1385,53709 26 30,435,5
1386,53716 26 30,365,1
1387,53722 26 30,505,9
1388,53725 22 30,390,1
1389,53751 22 30,455,2
1390,53752 26 30,505,1
1391,53753 26 30,560,1
1392,53756 26 30,495,10
1393,53774 26 30,415,5
1394,53788 26 30,375,5
1395,53791 26 30,490,-1
1396,53803 22 30,375,40
1397,53823 26 30,405,4
1398,53834 26 30,580,35
1399,53835 26 30,545,70
1400,53854 22 30,545,-25
1401,53866 22 30,305,4
1402,53874 22 30,305,10
1403,53878 26 30,405,1
1404,53890 22 30,425,50
1405,53891 22 30,425,29
1406,53893 22 30,425,2
1407,53932 26 30,375,1
1408,53942 22 30,485,8
1409,53943 22 30,490,10
1410,53945 24 30,475,5
1411,53946 26 30,395,2
1412,53948 26 30,520,8
1413,53949 22 30,365,60
1414,53958 22 30,485,10
1415,53963 22 30,505,-1
1416,53965 26 30,570,9
1417,53967 26 30,435,1
1418,53969 26 30,415,54
1419,53971 26 30,405,3
1420,53977 26 30,435,1
1421,53978 26 30,435,12
1422,53981 26 36,550,30
1423,53990 22 30,390,5
1424,53992 22 30,280,25
1425,53996 26 30,375,6
1426,53998 22 30,475,35
1427,54003 26 30,510,1
1428,54005 22 30,455,40
1429,54028 22 30,545,4
1430,54035 22 30,415,15
1431,54040 26 30,440,9
1432,54046 26 30,530,1
1433,54049 26 30,495,1
1434,54052 24 30,525,13
1435,54061 26 30,365,1
1436,54067 26 30,505,20
1437,54068 26 30,440,5
1438,54070 26 30,405,11
1439,54070 26 36,425,-24
1440,54070 32 36,445,14
1441,54078 26 30,455,4
1442,54082 24 30,520,6
1443,54083 26 30,425,1
1444,54087 26 30,530,1
1445,54090 26 30,540,1
1446,54094 22 30,445,19
1447,54101 26 30,505,1
1448,54102 26 30,495,-20
1449,54105 26 30,435,13
1450,54108 22 30,525,-1
1451,54112 22 30,460,20
1452,54129 26 30,505,60
1453,54133 26 30,545,10
1454,54144 26 30,455,1
1455,54179 26 30,385,10
1456,54182 26 30,530,-1
1457,54190 22 30,425,10
1458,54192 26 30,560,8
1459,54193 26 30,515,3
1460,54196 22 30,565,60
1461,54202 26 30,515,10
1462,54210 26 30,485,2
1463,54214 22 30,495,5
1464,54215 22 30,495,8
1465,54223 22 30,465,5
1466,54226 22 30,495,10
1467,54228 26 30,485,7
1468,54235 26 30,410,30
1469,54241 32 40,455,5
1470,54242 26 30,535,3
1471,54245 26 30,435,30
1472,54247 26 30,530,7
1473,54257 22 30,555,20
1474,54258 26 30,395,7
1475,54262 22 30,380,2
1476,54263 26 30,535,45
1477,54275 22 30,445,5
1478,54280 22 30,545,10
1479,54282 24 30,490,-3
1480,54284 22 30,525,1
1481,54291 22 30,455,10
1482,54292 26 30,495,15
1483,54296 24 30,485,19
1484,54297 26 30,585,11
1485,54298 30,490,-1
1486,54306 22 30,415,27
1487,54307 20 30,545,6
1488,54311 20 30,525,18
1489,54319 22 30,355,1
1490,54320 22 30,455,15
1491,54327 26 30,485,9
1492,54335 22 30,520,1
1493,54338 30,480,1
1494,54343 26 36,595,12
1495,54352 22 30,425,29
1496,54365 26 30,395,3
1497,54367 26 30,310,5
1498,54369 22 30,395,35
1499,54370 26 36,565,-1
1500,54375 22 30,445,10
1501,54380 26 36,450,-1
1502,54387 22 30,475,30
1503,54399 22 30,475,5
1504,54407 26 30,440,45
1505,54410 26 30,485,5
1506,54414 26 30,460,-6
1507,54439 22 30,450,5
1508,54446 26 30,455,20
1509,54462 26 36,455,1
1510,54464 26 30,520,6
1511,54466 22 30,365,5
1512,54470 22 30,540,3
1513,54474 22 30,425,5
1514,54477 26 36,465,30
1515,54478,470,1
1516,54490 22 30,445,5
1517,54492 22 30,445,-1
1518,54502 26 30,435,2
1519,54503 26 30,435,23
1520,54506 26 36,435,33
1521,54510 26 30,480,11
1522,54514 26 36,495,-2
1523,54515 26 30,505,25
1524,54520 22 30,505,-15
1525,54522 26 36,520,-8
1526,54522 30,530,6
1527,54523 26 36,520,1
1528,54523 30,530,3
1529,54527 22 30,460,25
1530,54528 26 30,435,5
1531,54547 26 36,525,-1
1532,54549 26 30,580,10
1533,54552 26 36,555,6
1534,54555 26 36,475,-1
1535,54560 26 36,525,3
1536,54562 22 30,520,-15
1537,54564 22 30,300,5
1538,54570,590,38
1539,54571,470,4
1540,54572 26 36,535,24
1541,54574 26 30,515,-5
1542,54577 26 30,445,14
1543,54578 26 30,480,5
1544,54582 22 30,575,25
1545,54586 26 30,520,25
1546,54588 26 30,565,3
1547,54589 26 30,425,10
1548,54590 26 30,525,20
1549,54591 26 30,525,15
1550,54592 22 30,450,5
1551,54593 22 30,450,15
1552,54594 22 30,450,10
1553,54599 26 30,565,30
1554,54603 26 30,445,7
1555,54604 26 36,500,6
1556,54607 26 30,585,90
1557,54608 26 30,530,10
1558,54614 26 30,470,9
1559,54617 22 30,445,25
1560,54623 30,555,1
1561,54629 26 36,540,3
1562,54630 22 30,505,10
1563,54634 22 30,460,5
1564,54635 22 30,460,15
1565,54636 26 36,495,12
1566,54637 26 30,480,31
1567,54640 26 36,415,24
1568,54641 22 30,395,30
1569,54642 26 30,465,-2
1570,54644 22 30,510,1
1571,54646 22 30,440,30
1572,54648 22 30,470,1
1573,54649 22 30,295,4
1574,54650 22 30,295,-9
1575,54652 26 36,470,24
1576,54656 26 36,555,48
1577,54658 26 30,505,9
1578,54660 20 24,495,6
1579,54663 26 30,425,-9
1580,54664 26 30,295,35
1581,54666 26 30,560,55
1582,54667 26 30,485,55
1583,54669 26 30,405,15
1584,54670 22 30,445,1
1585,54671 24 30,445,8
1586,54672 22 30,475,10
1587,54674 30,555,6
1588,54675 26 36,435,69
1589,54676 22 30,490,10
1590,54680 22 30,555,5
1591,54681 22 30,435,6
1592,54682 22 30,425,50
1593,54683 26 36,425,6
1594,54685 26 36,525,39
1595,54686 26 36,525,6
1596,54688 26 36,505,66
1597,54690 22 30,470,30
1598,54693 26 36,520,81
1599,54694 26 30,505,6
1600,54697 26 30,360,57
1601,54698 26 36,525,3
1602,54699 26 36,520,6
1603,54704 22 30,410,20
1604,54705 26 36,505,6
1605,54706 26 36,520,48
1606,54708 26 36,565,54
1607,54710 26 36,490,12
1608,54711 22 30,460,35
1609,54712 26 36,530,48
1610,54713 26 36,480,15
1611,54714 26 36,465,42
1612,54715 22 30,610,35
1613,54716 22 30,605,12
1614,54717 22 30,550,5
1615,54718 22 30,550,10
1616,54719 22 30,430,35
1617,54721 22 30,530,48
1618,54722 22 30,505,13
1619,54725 24 30,415,13
1620,54726 26 36,550,30
1621,54727 22 30,590,50
1622,54729 22 30,495,21
1623,54731 22 30,360,38
1624,54733 22 30,265,75
1625,54734 22 30,265,75
1626,54736 26 30,495,35
1627,54737 22 30,565,10
1628,54738 22 30,550,16
1629,54739 24 30,555,20
1630,54742 26 30,560,53
1631,54743 24 30,315,15
1632,54744 26 30,480,65
1633,54745 26 30,525,18
1634,54746 22 30,545,5
1635,54747 22 30,545,25
1636,54748 22 30,515,25
1637,54749 22 30,515,30
1638,54750 22 30,540,5
1639,54752 22 30,520,38
1640,54753 22 30,425,15
1641,54754 26 30,475,38
1642,54755 22 30,540,15
1643,54756 26 30,585,33
1644,54757 26 30,525,10
1645,54758 22 30,455,25
1646,54759 26 30,415,55
1647,54760 22 30,480,18
1648,54761 22 30,510,35
1649,54762 22 30,530,35
1650,54763 26 30,455,50
1651,54764 22 30,445,45
1652,54765 30,550,40
1653,54766 30,550,55
1654,54767 22 30,520,60
1655,54768 22 30,545,45
1656,54769 20 30,540,47
1657,54770 20 30,540,41
1658,56801 M 2XL,685,85
1659,58205 L 2XL,335,-2
1660,58207 L 2XL,335,1
1661,58214 L 2XL,355,9
1662,58231 L-XL-XXL,460,1
1663,58233 L 2XL,405,27
1664,58234 L 2XL,415,9
1665,59501 XL XXL,650,6
1666,59502 XL XXL,650,22
1667,59504 XL XXL,750,2
1668,59505 XL XXL,750,10
1669,59508 XL XXL,645,5
1670,59509 XL XXL,645,1
1671,59808 2 10,745,18
1672,59809 2 10,625,27
1673,6006 18 22,360,6
1674,6008 18 22,445,3
1675,6014 18 24,335,1
1676,6021 16 22,440,6
1677,6024 18 24,355,4
1678,6027 18 24,450,12
1679,6030 18 24,405,4
1680,6042 18 24,460,12
1681,6043 16 20,275,18
1682,6044 16 20,275,21
1683,6046 18 22,440,18
1684,6047 18 22,580,72
1685,6048 18 22,515,30
1686,6049 18 24,445,44
1687,6050 18 24,445,40
1688,6051 18 24,440,28
1689,6052 18 24,445,70
1690,6053 18 26,540,15
1691,6110 L,235,4
1692,6110 XL,235,2
1693,6111 L,195,-1
1694,6111 XL,235,2
1695,6111 XXL,235,8
1696,6112 L,195,4
1697,6112 XL,200,7
1698,6112 XXL,235,-1
1699,615 10 16,280,24
1700,62502 32 40,365,-5
1701,62503 24 36,540,105
1702,62504 24 36,540,70
1703,62505 24 36,540,112
1704,62507 24 36,550,138
1705,62508 24 36,185,63
1706,62510 26 36,335,12
1707,62511 24 36,185,14
1708,629 (MMM) 12 14       [620442],515,-2
1709,63668 32 40,300,15
1710,64145 32 40,250,9
1711,64208 32 40,250,10
1712,64583 32 40,250,20
1713,64655 32 40,495,5
1714,64811 32 40,250,40
1715,64812 32 40,340,50
1716,651 (MMM) 12 14    [620442],510,2
1717,65162 32 40,425,14
1718,65188 32 40,490,12
1719,65320 32 40,490,-15
1720,65394 36 40,475,25
1721,65526 32 40,525,30
1722,65571 32 40,445,1
1723,65595 32 40,485,-3
1724,65624 32 40,410,1
1725,65626 32 40,300,15
1726,65657 32 40,485,4
1727,65749 32 40,395,9
1728,65758 32 40,435,5
1729,65787 32 40,355,2
1730,65808 32 40,660,5
1731,65888 32 40,400,9
1732,65963 32 40,380,2
1733,66050 32 40,385,5
1734,66088 32 40,385,1
1735,66095 32 40,360,2
1736,66115 32 40,495,-2
1737,66137 32 40,380,-1
1738,66146 32 40,330,1
1739,66155 32 40,355,19
1740,66162 32 40,435,6
1741,66178 32 40,545,20
1742,66179 32 40,405,2
1743,66196 32 40,425,1
1744,66206 32 40,455,1
1745,66215 32 40,475,15
1746,66217 32 40,485,4
1747,66223 32 40,585,5
1748,66233 32 40,505,20
1749,66251 32 40,365,1
1750,66261 32 40,530,7
1751,66266 32 40,460,3
1752,66307 32 36,430,-3
1753,66322 32 40,505,1
1754,66368 32 40,505,1
1755,66372 32 40,505,-1
1756,66383 32 40,410,5
1757,66413 32 40,480,4
1758,66416 32 40,555,5
1759,66420 32 40,575,35
1760,66421 32 40,595,50
1761,66444 32 40,640,1
1762,66478 32 40,545,-1
1763,66503 32 40,460,20
1764,66504 32 40,460,20
1765,66506 32 40,555,25
1766,66533 32 40,505,-1
1767,66558 32 40,560,1
1768,66574 34 42,585,10
1769,66578 32 40,585,2
1770,66580 32 40,595,10
1771,66592 32 40,545,20
1772,66599 32 40,550,20
1773,66601 34 42,620,-3
1774,66606 32 40,610,1
1775,66608 32 40,520,1
1776,66612 32 40,605,1
1777,66613 32 40,585,1
1778,66614 32 40,605,-10
1779,66615 32 40,455,30
1780,66616 32 40,395,3
1781,66617 32 40,505,3
1782,66618 32 40,505,4
1783,66619 32 40,415,6
1784,66620 32 40,665,4
1785,66622 32 40,585,6
1786,66623 32 40,505,24
1787,66624 32 40,460,62
1788,66625 32 40,505,15
1789,66628 32 40,520,-2
1790,66634 32 40,585,14
1791,66635 32 40,585,15
1792,66636 32 40,650,-5
1793,66640 32 40,635,1
1794,66643 32 40,395,1
1795,66650 32 40,320,45
1796,66651 32 40,545,55
1797,66653 32 40,585,6
1798,66654 32 40,495,37
1799,66655 32 40,495,6
1800,66658 32 40,525,48
1801,66667 32 40,565,-1
1802,66668 32 40,455,-5
1803,66674 32 40,695,15
1804,66675 32 40,695,5
1805,66677 32 40,465,2
1806,66681 32 40,525,27
1807,66682 32 40,415,4
1808,66683 32 40,485,8
1809,66684 32 40,535,2
1810,66687 32 40,510,2
1811,66688 32 40,455,5
1812,66698 32 40,610,10
1813,66701 32 40,460,3
1814,66713 32 40,495,7
1815,66720 32 40,520,2
1816,66727 32 40,520,40
1817,66728 32 40,440,32
1818,66729 32 40,545,4
1819,66734 32 40,650,2
1820,66736 32 40,550,25
1821,66749 32 40,510,3
1822,66750 32 40,385,1
1823,66755 32 40,560,-1
1824,66758 32 40,545,3
1825,66759 32 40,545,-10
1826,66760 32 40,545,4
1827,66767 32 40,335,2
1828,66769 32 40,580,2
1829,66775 32 40,635,-6
1830,66776 32 40,485,20
1831,66779 32 40,595,10
1832,66788 32 40,575,5
1833,66796 32 40,585,4
1834,66797 32 40,560,4
1835,66802 32 40,515,27
1836,66803 32 40,445,21
1837,66805 32 40,505,15
1838,66809 32 40,385,1
1839,66815 32 40,585,2
1840,66820 32 40,470,1
1841,66831 32 40,575,2
1842,66834 32 40,520,10
1843,66840 32 40,515,-7
1844,66848 32 40,460,5
1845,66870 32 40,570,25
1846,66875 32 40,605,2
1847,66877 32 40,565,-1
1848,66879 32 40,555,-6
1849,66880 32 40,595,-1
1850,66888 32 36,370,3
1851,66889 32 40,495,7
1852,66898 32 40,610,1
1853,66900 32 40,505,2
1854,66902 32 40,580,2
1855,66903 32 40,535,19
1856,66925 32 40,410,13
1857,66930 32 40,540,15
1858,66944 32 40,540,4
1859,66949 32 40,580,1
1860,66963 32 40,565,2
1861,66969 32 40,385,1
1862,66970 32 40,520,5
1863,66977 32 40,525,-10
1864,66978 32 40,525,-6
1865,66980 32 40,575,1
1866,66981 32 40,585,-1
1867,66983 32 40,515,18
1868,66988 32 40,505,9
1869,66989 32 40,505,5
1870,66991 32 40,435,20
1871,66992 32 40,540,1
1872,66993 32 40,505,-3
1873,66994 32 40,605,8
1874,66996 32 40,365,1
1875,67002 32 40,545,1
1876,67007 32 40,445,15
1877,67010 32 40,590,2
1878,67019 32 36,495,5
1879,67024 32 40,435,-5
1880,67025 32 40,535,1
1881,67028 32 40,580,-1
1882,67030 32 40,605,2
1883,67031 32 40,595,5
1884,67032 32 40,435,20
1885,67034 32 40,630,-1
1886,67035 32 40,680,1
1887,67036 32 40,455,-1
1888,67044 32 40,535,1
1889,67046 32 40,575,2
1890,67053 32 40,440,1
1891,67057 32 40,510,35
1892,67058 32 40,660,2
1893,67061 32 40,550,-1
1894,67070 32 40,535,5
1895,67073 32 40,520,5
1896,67077 32 36,525,6
1897,67080 32 36,525,3
1898,67094 32 40,365,15
1899,67095 32 40,530,1
1900,67096 32 40,560,1
1901,67097 32 40,640,5
1902,671 10 16,315,5
1903,67102 32 40,360,40
1904,67115 32 40,385,2
1905,67127 32 40,480,25
1906,67162 32 40,335,25
1907,67178 32 40,460,20
1908,67179 32 40,460,5
1909,67180 32 40,445,1
1910,67187 32 40,495,5
1911,67204 32 40,525,10
1912,67205 32 40,470,2
1913,67209 32 40,565,5
1914,67215 32 40,480,5
1915,67217 32 40,630,1
1916,67223 32 40,565,-1
1917,67225 32 40,395,11
1918,67226 32 40,395,-2
1919,67230 32 40,445,10
1920,67234 32 40,445,10
1921,67244 32 40,475,15
1922,67252 32 40,530,-1
1923,67260 32 40,440,1
1924,67261 32 40,480,-1
1925,67263 32 40,660,5
1926,67264 32 40,605,16
1927,67265 32 40,510,1
1928,67268 32 40,530,1
1929,67271 32 40,585,25
1930,67276 32 40,335,-5
1931,67278 32 40,335,-5
1932,67279 32 40,595,29
1933,67285 32 40,560,5
1934,67307 32 40,435,10
1935,67308 32 40,370,-5
1936,67313 32 40,625,10
1937,67317 32 40,425,5
1938,67323 32 40,565,-1
1939,67329 32 40,560,20
1940,67330 32 40,370,-5
1941,67331 32 40,405,-5
1942,67332 32 40,405,-1
1943,67335 32 40,575,15
1944,67336 32 40,555,8
1945,67338 32 40,545,70
1946,67352 32 40,435,49
1947,67355 32 40,615,30
1948,67359 32 40,685,10
1949,67360 32 40,545,7
1950,67364 32 40,430,8
1951,67370 32 40,545,1
1952,67372 32 40,520,4
1953,67373 22 30,570,-27
1954,67375 32 40,550,15
1955,67381 32 40,475,1
1956,67387 32 40,465,15
1957,67389 28 36,545,7
1958,67398 32 40,495,2
1959,67400 32 40,665,4
1960,67411 32 40,570,1
1961,67414 32 40,495,-1
1962,67419 32 40,555,10
1963,67428 32 40,445,15
1964,67430 32 40,520,5
1965,67431 32 40,505,45
1966,67432 32 40,515,40
1967,67433 32 40,545,35
1968,67434 32 40,505,10
1969,67455 32 40,550,20
1970,67460 32 40,480,30
1971,67464 32 40,525,-2
1972,67469 32 40,580,21
1973,67471 32 40,595,2
1974,67477 32 40,530,30
1975,67478 32 40,580,65
1976,67479 32 40,655,10
1977,67480 32 40,655,40
1978,67481 32 40,635,1
1979,67482 32 40,590,-5
1980,67483 32 40,635,1
1981,67484 32 40,635,30
1982,67487 32 40,525,10
1983,67489 32 40,475,40
1984,67490 32 40,595,4
1985,67511 32 40,540,28
1986,67517 32 40,570,1
1987,67520 32 40,545,1
1988,67522 32 40,495,45
1989,67523 32 40,335,30
1990,67533 32 40,635,10
1991,67541,610,-1
1992,67542 34 40,635,5
1993,67545 32 40,655,1
1994,67551 32 40,615,19
1995,67552 34 40,660,-1
1996,67554 26 36,435,30
1997,67555 32 40,585,-1
1998,67556 32 40,620,10
1999,67563 32 40,460,10
2000,67568 32 40,585,10
2001,67569 32 40,575,15
2002,67570 32 40,505,10
2003,67573 32 40,615,25
2004,67574 32 40,505,25
2005,67577 32 40,575,35
2006,67579 32 40,625,90
2007,67587 32 40,570,2
2008,67591 32 40,455,35
2009,67596 32 40,560,22
2010,67597 32 40,550,10
2011,67601 32 40,620,1
2012,67605 32 40,535,35
2013,67608 32 40,530,36
2014,67609 32 40,505,25
2015,67615 32 40,565,10
2016,67616 32 36,475,27
2017,67617 32 40,300,5
2018,67620 32 40,510,25
2019,67623 32 40,470,12
2020,67624 32 40,315,-2
2021,67625 32 40,315,2
2022,67627 32 40,455,7
2023,67631 32 40,560,5
2024,67633 34 40,625,35
2025,67634 34 40,625,10
2026,67635 32 40,565,15
2027,67637 32 40,530,15
2028,67640 32 40,545,5
2029,67642 32 40,515,5
2030,67645 32 40,465,45
2031,67647 32 40,440,5
2032,67648 32 40,530,35
2033,67649 32 40,530,60
2034,67650 32 40,525,30
2035,67651 32 40,525,25
2036,67653 32 40,555,1
2037,67656 32 40,505,20
2038,67657 32 40,510,30
2039,67658 32 40,455,15
2040,67659 32 40,535,15
2041,67660 32 40,610,55
2042,67661 32 40,625,65
2043,67662 32 40,570,9
2044,67663 32 40,505,10
2045,67664 32 40,440,15
2046,67667 32 40,480,20
2047,67668 32 40,645,2
2048,67669 32 40,510,20
2049,67670 32 40,430,6
2050,67671 32 40,430,9
2051,67673 32 40,480,39
2052,67674 32 40,480,64
2053,67676 32 36,535,9
2054,67681 32 40,575,1
2055,67683 32 40,630,6
2056,67687 32 40,385,78
2057,67690 32 40,575,-1
2058,67691 32 40,595,6
2059,67692 32 40,580,1
2060,67693 32 40,425,39
2061,67695 32 40,530,5
2062,67696 32 36,455,6
2063,67700 32 40,520,65
2064,67701 32 40,555,10
2065,67703 32 40,530,10
2066,67707 32 40,550,2
2067,67710 32 40,620,1
2068,67712 32 40,470,4
2069,67715 34 40,485,15
2070,67716 32 40,455,15
2071,67717 32 40,525,-5
2072,67718 32 36,505,24
2073,67719 32 36,505,6
2074,67721 32 36,505,24
2075,67722 32 36,505,14
2076,67723 32 40,495,1
2077,67727 32 40,455,15
2078,67732 32 40,450,9
2079,67733 32 40,480,110
2080,67735 32 40,450,1
2081,67736 32 40,670,15
2082,67737 32 40,480,-5
2083,67738 32 40,625,1
2084,67741 32 40,480,3
2085,67742 32 40,580,25
2086,67743 32 40,620,36
2087,67744 32 40,595,40
2088,67746 32 40,475,6
2089,67747 32 40,545,2
2090,67749 32 40,545,16
2091,67750 32 40,530,1
2092,67751 32 40,580,20
2093,67752 32 40,590,21
2094,67753 32 40,580,15
2095,67754 32 40,0,30
2096,67755 32 40,640,15
2097,67756 32 40,580,1
2098,67759 32 40,580,35
2099,67760 32 40,505,3
2100,67762 32 40,630,14
2101,67763 32 40,295,75
2102,67764 32 40,295,75
2103,67766 32 40,635,6
2104,67767 32 40,635,1
2105,67769 32 40,590,5
2106,67771 32 40,585,10
2107,67772 32 40,610,15
2108,67773 32 40,575,6
2109,67774 32 40,450,7
2110,67775 32 40,365,15
2111,67776 32 40,455,10
2112,67777 32 40,425,45
2113,67778 32 40,540,19
2114,67782 32 40,565,5
2115,67786 32 40,535,20
2116,67787 32 40,535,15
2117,67788 32 40,450,35
2118,67790 32 40,565,10
2119,67792 32 40,560,60
2120,67795 32 40,565,50
2121,67796 32 40,515,5
2122,67798 32 40,460,55
2123,67799 32 40,480,90
2124,67800 32 40,610,25
2125,67802 32 40,625,10
2126,67803 32 40,570,20
2127,67804 32 40,550,20
2128,67805 32 40,455,100
2129,67806 32 40,510,40
2130,67807 32 40,620,23
2131,67810 30 38,655,2
2132,67811 32 40,495,21
2133,67812 32 40,470,4
2134,67813 32 40,495,30
2135,67814 32 40,570,50
2136,67815 32 40,545,61
2137,67816 32 40,425,45
2138,67817 32 40,510,60
2139,67818 32 40,530,40
2140,67819 32 40,530,40
2141,67820 32 40,685,24
2142,67821 32 40,605,12
2143,67822 32 40,605,21
2144,700 3/4TH 12 15,200,92
2145,700 3/4TH 16 18,210,21
2146,700 3/4TH 19 21,220,24
2147,704 (SI) 16 22       [620442],925,40
2148,7100 22 30,215,5
2149,7100 32 40,235,5
2150,7152 30 38,530,-5
2151,72529 22 30,365,41
2152,72685 22 30,320,94
2153,72702 22 30,360,35
2154,7281 M XL,395,2
2155,72851 22 30,415,-1
2156,72853 22 30,455,20
2157,72886 22 30,405,5
2158,72897 22 30,435,10
2159,7296 M XL,395,2
2160,72975 22 30,375,10
2161,73009 22 30,270,-10
2162,73128 26 30,360,11
2163,73129 26 30,425,38
2164,73142 16 20,325,12
2165,73214 22 30,455,-1
2166,73222 22 30,410,1
2167,73239 22 30,320,4
2168,73253 22 30,495,1
2169,73257 22 30,330,1
2170,73309 26 30,465,10
2171,73348 22 30,410,5
2172,73354 22 30,445,1
2173,73360 22 30,390,5
2174,73369 22 30,315,11
2175,73379 22 30,250,9
2176,73384 22 30,380,1
2177,73398 22 30,360,8
2178,73403 22 30,310,89
2179,73407 22 30,210,29
2180,73418 26 30,450,2
2181,73428 22 30,445,1
2182,73432 22 30,375,1
2183,73437 22 30,470,1
2184,73438 22 30,165,-1
2185,73453 22 30,360,18
2186,73454 22 30,410,28
2187,73481 26 30,415,6
2188,73484 22 30,435,1
2189,73492 22 36,130,8
2190,73493 22 30,105,30
2191,73500 22 30,210,-1
2192,73503 26 30,355,1
2193,73520 22 30,405,6
2194,73524 22 30,415,10
2195,73530 26 30,385,5
2196,73543 22 30,510,3
2197,73546 26 30,450,20
2198,73547 26 30,450,25
2199,73550 22 30,165,-26
2200,73551 22 30,205,9
2201,73552 22 30,195,20
2202,73554 22 30,385,18
2203,73571 22 30,295,5
2204,73596 22 30,315,-4
2205,73608 22 30,520,4
2206,73612 22 30,425,8
2207,73613 22 30,480,2
2208,73624 22 30,165,-5
2209,73635 26 30,400,8
2210,73645 22 30,205,10
2211,73663 22 30,275,5
2212,73664 22 30,200,10
2213,73665 22 30,200,45
2214,73667 22 30,175,20
2215,73683 26 36,195,6
2216,73696 22 30,275,14
2217,73697 22 30,295,25
2218,73717 22 30,255,5
2219,73719 22 30,485,5
2220,73732 22 30,400,11
2221,73738 22 30,305,14
2222,73739 22 30,310,5
2223,73755 22 30,520,10
2224,73756 22 30,515,10
2225,73758 22 30,515,-5
2226,73762 22 30,455,5
2227,73765 22 30,520,15
2228,73772 22 30,510,4
2229,73780 22 30,545,20
2230,73787 22 30,400,15
2231,73791 22 30,265,5
2232,73799 22 30,460,50
2233,73803 22 30,265,-5
2234,73808 22 30,460,5
2235,73810 26 30,325,1
2236,73811 26 30,440,2
2237,73812 26 30,440,1
2238,73817 26 30,455,1
2239,73822 22 30,475,5
2240,73836 26 30,360,1
2241,73840 26 30,465,-1
2242,73850 22 30,490,-25
2243,73851 22 30,480,5
2244,73852 26 30,450,15
2245,73853 26 30,410,15
2246,73854 22 30,430,25
2247,73858 22 30,485,5
2248,73864 22 30,295,5
2249,73882 22 30,475,18
2250,73885 22 30,495,30
2251,73887 22 30,480,-5
2252,73891 22 30,430,3
2253,73895 22 30,360,4
2254,73898 26 30,490,20
2255,73899 22 30,165,10
2256,73901 22 30,520,-5
2257,73902 22 30,470,15
2258,73912 22 30,425,-29
2259,73917 26 30,335,24
2260,73932 22 30,415,5
2261,73935 22 30,410,25
2262,73936 22 30,415,20
2263,73941 20 30,315,12
2264,73941 22 30,315,50
2265,73949 26 30,450,24
2266,73961 22 30,330,69
2267,73964 22 30,425,-29
2268,73973 22 30,330,14
2269,73988 22 30,505,1
2270,73989 22 30,415,2
2271,73994 26 30,335,2
2272,73998 22 30,415,10
2273,74000 22 30,430,-19
2274,74001 26 30,435,-7
2275,74003 22 30,405,-1
2276,74005 22 30,425,-18
2277,74006 26 30,455,20
2278,74007 26 30,445,13
2279,74009 22 30,515,20
2280,74010 26 30,445,5
2281,74014 26 30,450,1
2282,74015 26 30,415,10
2283,74022 22 30,435,30
2284,74024 22 30,465,2
2285,74032 26 30,440,-1
2286,74035 22 30,425,-20
2287,74038 22 30,360,1
2288,74041 22 30,470,1
2289,74045 22 30,390,2
2290,74046 22 30,390,7
2291,74048 22 30,450,15
2292,74049 22 30,475,1
2293,74055 22 30,410,25
2294,74059 22 30,430,4
2295,74065 22 30,440,10
2296,74066 22 30,445,3
2297,74067 22 30,490,1
2298,74074 26 30,460,-1
2299,74076 22 30,385,24
2300,74079 22 30,425,10
2301,74095 22 30,480,25
2302,74116 26 30,425,10
2303,74118 22 30,435,25
2304,74120 26 30,395,30
2305,74124 22 30,475,3
2306,74125 22 30,415,8
2307,74126 26 30,395,15
2308,74127 22 30,415,1
2309,74129 24 30,490,2
2310,74130 26 30,490,2
2311,74136 22 30,395,1
2312,74145 26 30,440,-5
2313,74149 22 30,385,41
2314,74151 26 30,440,2
2315,74155 22 30,460,19
2316,74161 26 30,440,4
2317,74162 26 30,450,65
2318,74163 26 30,505,20
2319,74165 26 30,425,34
2320,74171 22 30,480,10
2321,74173 22 30,440,1
2322,74178 26 30,375,24
2323,74184 26 30,475,15
2324,74185 26 30,505,9
2325,74192 22 30,510,30
2326,74193 22 30,485,25
2327,74195 22 30,405,15
2328,74198 22 30,380,20
2329,74199 22 30,380,8
2330,74207 26 30,440,30
2331,74215 22 30,400,1
2332,74219 26 30,475,4
2333,74220 22 30,495,10
2334,74235 22 30,475,1
2335,74237 22 30,505,-10
2336,74239 22 30,430,-5
2337,74245 24 30,530,39
2338,74274 26 30,405,40
2339,74276 24 30,505,4
2340,74278 22 30,425,29
2341,74280 22 30,355,9
2342,74283 24 30,530,-1
2343,74285 26 36,455,12
2344,74286 26 36,480,90
2345,74293 26 36,480,8
2346,74294 26 36,480,6
2347,74295 26 30,495,10
2348,74297 26 30,415,30
2349,74298 22 30,405,-5
2350,74301 22 30,410,5
2351,74304 26 30,385,-5
2352,74306,425,15
2353,74307 26 30,495,5
2354,74311 22 30,455,1
2355,74312 22 30,435,7
2356,74314 22 30,310,145
2357,74319 26 30,460,1
2358,74323 22 30,440,3
2359,74325 22 30,440,12
2360,74329 22 30,425,10
2361,74331 22 30,425,29
2362,74332 26 30,450,35
2363,74333 26 30,430,10
2364,74334 26 30,440,30
2365,74335 22 30,340,72
2366,74337 26 30,510,26
2367,74338 22 30,435,5
2368,74341 26 30,520,4
2369,74342 22 30,525,6
2370,74345 22 30,460,6
2371,74346 22 30,495,-5
2372,74347 22 30,510,-4
2373,74349 22 30,495,24
2374,74352 26 30,495,10
2375,74353 22 30,455,4
2376,74354 22 30,450,20
2377,74355 22 30,450,5
2378,74356 26 30,425,19
2379,74359 26 30,530,15
2380,74363 26 30,425,10
2381,74364 22 30,480,5
2382,74367 22 30,430,4
2383,74368 26 30,435,10
2384,74369 22 30,310,2
2385,74370 22 30,320,11
2386,74371 22 30,520,15
2387,74372 26 30,415,28
2388,74373 22 30,355,11
2389,74374 26 36,435,42
2390,74375 26 36,395,102
2391,74376 22 30,390,6
2392,74380 22 30,460,7
2393,74381 26 30,455,45
2394,74382 26 30,455,48
2395,74383 22 30,405,1
2396,74384 26 30,405,15
2397,74385 26 30,370,10
2398,74386 26 30,450,5
2399,74390 22 30,415,27
2400,74391 26 30,365,11
2401,74393 26 30,310,84
2402,74394 26 30,455,4
2403,74395 26 30,470,30
2404,74396 24 30,525,15
2405,74397 24 30,490,10
2406,74398 26 30,510,10
2407,74401 22 30,405,10
2408,74402 22 30,510,1
2409,74404 22 30,525,16
2410,74405 22 30,365,78
2411,74407 26 36,495,48
2412,74408 26 36,505,6
2413,74410 22 30,435,1
2414,74411 22 30,440,1
2415,74412  26 36,505,6
2416,74413 22 30,475,5
2417,74416 22 30,435,6
2418,74420 22 30,455,20
2419,74423 22 30,455,10
2420,74424 22 30,465,20
2421,74425 26 30,465,45
2422,74426 26 30,385,15
2423,74428 26 30,415,20
2424,74429 26 30,490,50
2425,74430 22 30,440,10
2426,74432 26 30,415,50
2427,74433 26 30,470,5
2428,74435 22 30,445,45
2429,74436 26 30,375,35
2430,74439 26 30,380,20
2431,74440 22 30,505,59
2432,74441 22 30,425,65
2433,74442 22 30,435,65
2434,74444 22 30,0,25
2435,74445 24 30,490,25
2436,74446 26 30,425,25
2437,74449 26 30,470,20
2438,74450 26 30,290,220
2439,74451 22 30,510,25
2440,74452 26 30,475,63
2441,74453 22 30,455,55
2442,74454 22 30,480,45
2443,74455 22 30,475,30
2444,74456 22 30,425,95
2445,74457 26 30,475,30
2446,74458 26 30,455,40
2447,74459 22 30,470,70
2448,74460 22 30,415,100
2449,74461 22 30,425,100
2450,74462 26 30,380,45
2451,74463 22 30,440,20
2452,74464 22 30,280,80
2453,74465 26 30,430,45
2454,74466 26 30,425,55
2455,74467 22 30,415,35
2456,74468 26 30,415,50
2457,7500 22 30,285,39
2458,7500 32 40,310,20
2459,7503 32 40,310,5
2460,7509 20 30,285,24
2461,7512 20 30,285,66
2462,7669 28,645,1
2463,7741 28,615,1
2464,7838 28,650,1
2465,816 34 40,"1,235.00",16
2466,81610 32 40,330,20
2467,82777 28 36,395,-2
2468,82812 24 36,380,-4
2469,82844 26 36,405,-11
2470,833 10 16,305,9
2471,83712 32 40,405,1
2472,83722 32 40,415,20
2473,83804 32 40,415,5
2474,83880 32 40,380,3
2475,83940 32 40,375,15
2476,83983 32 40,335,25
2477,84001 32 40,360,1
2478,84149 32 40,475,10
2479,84205 32 40,560,-5
2480,84262 32 40,300,5
2481,84388 32 40,495,5
2482,84393 32 40,305,5
2483,84419 32 40,475,5
2484,84441 32 40,415,1
2485,84466 32 38,395,140
2486,84467 32 38,395,3
2487,84548 32 40,485,-2
2488,84610 32 40,395,9
2489,84660 32 40,415,40
2490,84661 32 40,385,3
2491,84662 32 40,385,2
2492,84669 32 40,375,3
2493,84676 32 40,425,10
2494,84710 32 40,430,3
2495,84746 32 40,430,5
2496,84764 32 40,425,1
2497,84772 32 40,445,5
2498,84794 32 40,395,1
2499,84838 32 40,455,-1
2500,84841 32 40,380,5
2501,84842 32 40,405,5
2502,84877 32 40,355,1
2503,84888 32 40,315,100
2504,84926 32 40,415,1
2505,84933 32 40,400,10
2506,84935 32 40,390,1
2507,84936 32 40,400,5
2508,84937 32 40,395,25
2509,84950 32 40,395,10
2510,84952 32 40,435,5
2511,84967 32 40,430,10
2512,84988 32 40,395,1
2513,84991 32 40,395,5
2514,85036 32 40,425,5
2515,85041 32 40,535,1
2516,85043 32 40,370,-5
2517,85057 32 40,295,39
2518,85063 32 40,490,22
2519,85069 32 40,315,4
2520,85079 32 40,475,1
2521,85081 32 40,490,10
2522,85090 32 40,550,3
2523,85092 32 40,415,5
2524,85099 32 40,505,1
2525,85101 32 40,205,11
2526,85111 32 40,450,5
2527,85112 32 40,505,5
2528,85119 32 40,445,5
2529,85120 32 40,215,5
2530,85129 32 40,395,25
2531,85130 32 40,395,15
2532,85146 32 40,300,5
2533,85159 32 40,385,-3
2534,85174 32 40,235,5
2535,85175 32 40,235,5
2536,85181 32 40,555,1
2537,85192 32 40,485,1
2538,85194 32 40,145,45
2539,85202 32 40,385,9
2540,85211 32 40,510,1
2541,85212 36 40,475,4
2542,85230 32 40,505,1
2543,85237 32 40,450,-5
2544,85249 32 40,245,90
2545,85250 32 40,195,61
2546,85251 32 40,245,79
2547,85252 32 40,235,85
2548,85259 32 40,450,5
2549,85369 32 40,315,2
2550,85371 32 40,490,75
2551,85378 32 40,495,74
2552,85381 32 40,455,2
2553,85404 32 40,360,1
2554,85405 32 40,245,35
2555,85416 32 40,540,5
2556,85431 32 40,535,9
2557,85445 32 40,505,-5
2558,85448 32 40,460,5
2559,85458 32 40,315,10
2560,85460 32 40,240,75
2561,85461 32 40,215,35
2562,85463 32 40,455,5
2563,85464 32 40,455,10
2564,85478 32 40,440,1
2565,85489 32 40,550,5
2566,85504 32 40,355,4
2567,85509 32 40,450,4
2568,85514 32 40,365,5
2569,85516 32 40,315,20
2570,85521 32 40,425,-5
2571,85523 32 40,405,-5
2572,85524 32 40,560,10
2573,85527 32 40,495,5
2574,85534 32 40,560,1
2575,85543 32 40,425,1
2576,85545 32 40,465,5
2577,85547 32 40,295,15
2578,85548 32 40,385,-1
2579,85551 32 40,535,25
2580,85553 32 40,540,-1
2581,85554 32 40,520,-1
2582,85556 32 40,495,-1
2583,85568 32 40,395,2
2584,85571 32 40,425,10
2585,85582 32 40,570,5
2586,85600 32 40,415,10
2587,85603 32 40,305,30
2588,85606 26 30,445,62
2589,85612 32 40,495,-1
2590,85614 32 40,310,5
2591,85620 36 40,415,35
2592,85621 36 40,415,-35
2593,85622 36 40,415,-20
2594,85627 32 40,320,35
2595,85643 32 40,510,-1
2596,85660 32 40,450,10
2597,85662 32 40,430,40
2598,85668 32 40,450,-2
2599,85671 32 40,465,-10
2600,85673 32 40,505,5
2601,85681 32 40,415,-1
2602,85702 32 40,390,-4
2603,85711 32 40,350,15
2604,85713 32 40,350,10
2605,85718 32 40,375,5
2606,85723 32 40,510,5
2607,85745 32 40,425,1
2608,85748 32 40,555,-30
2609,85768 32 40,415,1
2610,85774 32 40,570,15
2611,85792 32 40,505,1
2612,85819 32 40,540,6
2613,85820 32 40,365,-5
2614,85827 32 40,570,-1
2615,85828 32 40,205,30
2616,85829 32 40,365,9
2617,85834 32 40,510,24
2618,85839 32 40,390,55
2619,85842 32 40,360,1
2620,85843 32 40,365,1
2621,85851 32 40,445,-1
2622,85852 32 40,460,55
2623,85880 32 40,400,5
2624,85904 32 40,370,5
2625,85912 32 40,515,20
2626,85922 32 40,475,5
2627,85928 32 40,535,1
2628,85946 32 40,525,5
2629,85951 32 40,505,20
2630,85961 32 40,565,5
2631,85991 32 40,460,-5
2632,86004 32 40,410,1
2633,86006 32 40,525,10
2634,86019 32 40,495,2
2635,86020 32 40,520,-10
2636,86021 32 40,490,10
2637,86025 32 40,425,1
2638,86036 32 40,560,-5
2639,86043 32 40,425,8
2640,86062 32 40,440,2
2641,86063 32 40,565,-15
2642,86096 32 40,545,-1
2643,86113 32 40,425,5
2644,86128 32 40,475,2
2645,86132 32 40,530,10
2646,86141 32 40,460,-5
2647,86142 32 40,430,1
2648,86143 32 40,410,1
2649,86160 32 40,515,10
2650,86169 32 40,460,1
2651,86189 32 40,460,5
2652,86192 32 40,490,5
2653,86215 32 40,520,1
2654,86223 32 40,475,-4
2655,86237 32 40,435,5
2656,86239 32 40,435,5
2657,86246 32 40,545,1
2658,86259 32 40,445,10
2659,86266 32 40,430,-5
2660,86272 32 40,565,1
2661,86290 32 40,525,2
2662,86292 32 40,575,5
2663,86293 32 40,500,1
2664,86297 32 40,530,-10
2665,86300 32 40,465,-10
2666,86302 32 40,550,2
2667,86303 32 40,475,35
2668,86307 32 40,455,1
2669,86308 32 40,395,-5
2670,86309 32 40,465,-1
2671,86317 32 40,405,5
2672,86319 32 40,445,1
2673,86322 32 40,455,25
2674,86323 32 40,520,5
2675,86339 32 40,535,-5
2676,86343 32 40,495,2
2677,86349 32 40,565,20
2678,86351 32 40,475,3
2679,86356 32 40,465,2
2680,86357 32 40,465,2
2681,86360 32 40,510,10
2682,86372 32 40,435,4
2683,86376 32 40,465,45
2684,86385 32 40,540,10
2685,86391 32 40,445,15
2686,86392 32 40,445,2
2687,86393 32 40,485,5
2688,86394 32 40,490,-5
2689,86395 32 40,490,2
2690,86396 32 40,490,7
2691,86406 32 40,525,2
2692,86411 32 40,450,2
2693,86413 32 40,445,1
2694,86414 32 40,545,-1
2695,86427 32 40,495,-30
2696,86436 32 40,425,35
2697,86440 32 40,535,1
2698,86441 32 40,580,-1
2699,86454 32 40,475,4
2700,86461 32 40,455,64
2701,86465 32 40,480,1
2702,86470 32 40,535,5
2703,86484 32 40,430,15
2704,86491 32 40,440,25
2705,86509 32 40,480,15
2706,86517 32 40,460,5
2707,86520 32 40,580,10
2708,86522 32 40,585,-1
2709,86523 32 40,450,26
2710,86524 32 40,455,10
2711,86525 32 40,460,-5
2712,86526 32 40,430,5
2713,86535 32 40,475,30
2714,86536 32 40,430,35
2715,86538 32 40,475,10
2716,86544 32 40,485,-39
2717,86544 36 40,485,39
2718,86548 32 40,460,6
2719,86553 32 40,555,15
2720,86557 32 40,515,5
2721,86562 32 40,545,-5
2722,86564 32 40,545,5
2723,86568 32 40,510,5
2724,86569 32 40,425,1
2725,86571 32 40,355,1
2726,86580 32 40,445,25
2727,86581 32 40,545,-10
2728,86583 32 40,365,35
2729,86596 32 40,475,1
2730,86605 32 40,545,-5
2731,86607,485,3
2732,86609,470,-1
2733,86610,295,5
2734,86614 32 40,555,1
2735,86616 32 40,520,4
2736,86618 32 40,355,55
2737,86619 32 40,570,60
2738,86620 32 40,455,-10
2739,86624 32 40,405,-3
2740,86625 32 40,385,5
2741,86644 32 40,510,5
2742,86646 32 40,530,1
2743,86650 32 40,495,1
2744,86652 32 40,555,-20
2745,86657 32 40,495,1
2746,86658 32 40,475,1
2747,86661 32 40,520,10
2748,86664 32 40,540,-20
2749,86667 32 40,435,1
2750,86672 32 40,410,92
2751,86676 32 40,540,-5
2752,86677 32 40,475,1
2753,86678 32 40,475,1
2754,86682 32 40,515,1
2755,86685 32 40,395,1
2756,86688 32 40,545,-5
2757,86696 36 40,565,1
2758,86698 32 40,565,5
2759,86699 32 40,565,5
2760,86704 36 40,540,1
2761,86709 32 40,505,1
2762,86714 32 40,405,1
2763,86720 32 40,565,1
2764,86722 32 40,485,30
2765,86723 32 40,460,10
2766,86724 32 40,395,1
2767,86725 32 40,590,5
2768,86728 32 40,515,1
2769,86732 32 40,555,1
2770,86738 32 40,455,5
2771,86743 32 40,550,5
2772,86745 32 40,495,2
2773,86751 32 40,520,22
2774,86756 32 40,575,5
2775,86762 36 40,530,10
2776,86775 32 40,410,2
2777,86776 36 40,535,5
2778,86782 32 40,380,3
2779,86786 32 40,540,-1
2780,86789 32 40,470,10
2781,86793 32 40,440,5
2782,86794 36 40,450,15
2783,86798 32 40,560,40
2784,86801 36 40,545,1
2785,86802 32 40,585,2
2786,86804 32 40,350,20
2787,86805 32 40,310,1
2788,86807 32 40,540,1
2789,86809 32 40,405,34
2790,86810 32 40,530,25
2791,86812 32 40,520,20
2792,86815 32 40,440,1
2793,86819 32 40,555,1
2794,86820 32 40,555,2
2795,86822 32 40,545,1
2796,86823 32 40,540,5
2797,86832 32 40,540,5
2798,86838 32 40,425,40
2799,86849 32 40,550,5
2800,86861 32 40,495,10
2801,86863 36 40,470,-5
2802,86864 32 40,370,50
2803,86865 32 40,395,85
2804,86866 36 40,430,1
2805,86867 32 40,385,45
2806,86869 32 40,355,6
2807,86873 32 40,480,25
2808,86875 32 40,520,20
2809,86878 32 40,355,110
2810,86881 32 40,550,5
2811,86882 32 40,545,4
2812,86886 32 40,445,25
2813,86888 32 40,320,99
2814,86889 32 40,320,68
2815,86890 32 40,390,20
2816,86895 32 40,445,20
2817,86897 36 40,440,2
2818,86898 32 40,455,25
2819,86899 32 40,395,1
2820,86903 36 40,540,42
2821,86906 32 40,480,1
2822,86907 32 40,415,5
2823,86908 32 40,415,5
2824,86909 32 40,580,40
2825,86910 32 40,510,45
2826,86914 36 40,505,25
2827,86915 36 40,450,10
2828,86916 32 40,375,53
2829,86917 32 40,460,75
2830,86918 36 40,460,30
2831,86919 32 40,390,6
2832,86920 32 40,445,55
2833,86921 32 40,445,15
2834,86922 32 40,355,170
2835,86924 32 40,495,15
2836,86927 32 40,430,40
2837,86928 32 40,440,45
2838,86930 32 40,565,5
2839,86931 32 40,595,70
2840,86932 32 40,530,14
2841,86934 32 40,580,20
2842,86935 32 40,535,15
2843,86936 32 40,450,11
2844,86937 32 40,435,30
2845,86938 32 40,435,10
2846,86939 32 40,450,35
2847,86940 32 40,480,60
2848,86941 36 40,480,5
2849,86942 32 40,550,20
2850,86943 32 40,530,65
2851,86944 32 40,560,30
2852,86946 32 40,545,25
2853,86947 32 40,545,2
2854,86948 32 40,320,220
2855,86949 32 40,545,30
2856,86950 32 40,545,45
2857,86951 32 40,590,15
2858,86952 32 40,540,5
2859,86953 32 40,565,15
2860,86954 32 40,585,5
2861,86955 32 40,525,30
2862,86956 32 40,460,35
2863,86957 32 40,465,40
2864,86958 32 40,390,12
2865,86959 32 40,465,80
2866,86960 32 40,390,85
2867,86961 32 40,550,50
2868,86962 32 40,510,45
2869,86963 32 40,490,60
2870,86964 32 40,495,50
2871,86965 36 40,445,56
2872,86966 32 40,495,35
2873,86967 32 40,475,45
2874,86968 32 40,380,8
2875,86969 32 40,495,80
2876,86970 36 40,470,12
2877,86971 32 40,555,60
2878,86972 32 40,570,50
2879,86973 32 40,570,60
2880,86974 36 40,595,63
2881,86975 36 40,545,30
2882,86976 32 40,530,10
2883,86977 32 40,320,75
2884,86978 32 40,540,45
2885,86980 32 40,505,50
2886,8901 XL 3XL,"1,575.00",1
2887,90523 20 26,295,24
2888,90839 20 26,500,4
2889,90872 20 30,475,6
2890,90884 16 22,450,5
2891,90886 16 22,410,4
2892,90890 20 26,515,12
2893,91028 28 38,500,4
2894,91200 16 20,415,3
2895,91258 18 22,660,2
2896,91259 18 22,660,2
2897,91277 28 38,650,6
2898,91284 24 28,660,3
2899,91335 28 38,450,5
2900,9135 30 38,625,-1
2901,9138 28 36,620,-1
2902,91381 24 34,425,1
2903,91424 24 38,620,6
2904,91558 28 38,525,2
2905,91642 28 38,880,18
2906,9165 32 40,645,1
2907,91679 20 26,510,4
2908,91750 28 38,750,6
2909,92123 28 38,610,12
2910,92164 24 34,605,6
2911,92190 16 22,445,12
2912,92216 28 38,785,12
2913,92217 28 38,780,3
2914,92326 28 38,650,1
2915,92344 28 38,950,3
2916,92378 XL,"1,275.00",7
2917,92928 28 38,"1,250.00",6
2918,93021 30 40,"1,095.00",19
2919,93186 30 40,"1,095.00",12
2920,93203 30 40,"1,050.00",6
2921,93270 36 40,"1,295.00",5
2922,93465 30 40,"1,195.00",6
2923,93565 30 40,"1,295.00",12
2924,93567 20 30,"1,150.00",18
2925,93589 30 40,"1,395.00",12
2926,93661 24 34,650,1
2927,93711 20 30,955,6
2928,93718 24 34,905,6
2929,93838 30 40,"1,450.00",6
2930,93857 18 22,860,-3
2931,93865 22 28,695,4
2932,93869 16 26,815,12
2933,93893 36 40,"1,395.00",3
2934,93916 34 40,"1,030.00",4
2935,93956 24 34,835,-6
2936,93974 18 28,895,-5
2937,93980 36 40,"1,635.00",3
2938,93992 18 28,"1,140.00",6
2939,93992 30 40,"1,370.00",11
2940,94008 36 40,"1,690.00",3
2941,94028 18 28,935,6
2942,94028 30 40,"1,190.00",-6
2943,94047 34 40,990,-4
2944,94057 (5017) 20 30,"1,020.00",12
2945,94077 18 28,995,10
2946,94077 30 40,"1,150.00",10
2947,94102(505) 16 26,880,-1
2948,94105 24 34,"1,145.00",18
2949,94106 24 34,"1,145.00",18
2950,94107(5029) 14 18,795,6
2951,94107(5029) 20 30,985,18
2952,94107(5029) 32 40,"1,185.00",-5
2953,94108 24 34,"1,115.00",6
2954,94112 12 22,664,18
2955,94122(5032) 32 40,"1,250.00",5
2956,94127(5363) 30 40,"1,110.00",18
2957,94130 30 40,"1,295.00",6
2958,94132(5202) 30 40,"1,575.00",1
2959,94133 24 40,"1,240.00",3
2960,94139(5038) 20 30,"1,095.00",5
2961,94144(1725) 24 34,"1,150.00",12
2962,94144(1725) 36 40,"1,255.00",12
2963,94145(1829) 24 34,"1,360.00",24
2964,94145(1829) 36 40,"1,465.00",9
2965,94147(1840) 24 34,"1,150.00",6
2966,94147(1840) 36 40,"1,255.00",6
2967,94149(1821) 22 32,"1,150.00",6
2968,94149(1821) 36 40,"1,255.00",6
2969,94152(1825) 24 34,"1,255.00",12
2970,94152(1825) 36 40,"1,360.00",3
2971,94154(1827) 30 40,"1,255.00",36
2972,94155(1812) 24 34,"1,360.00",12
2973,94155(1812) 36 40,"1,465.00",9
2974,94156(1830) 30 40,"1,360.00",6
2975,94158(1823) 30 40,"1,255.00",30
2976,94160(5042) 16 24,"1,095.00",5
2977,94164(1841) 28 38,"1,535.00",18
2978,94166(1816) 24 34,"1,360.00",18
2979,94166(1816) 36 40,"1,465.00",6
2980,94172 24 34,"1,265.00",6
2981,94172 36 40,"1,430.00",3
2982,94176(5046) 20 30,"1,030.00",6
2983,94185(1868) 28 38,"1,250.00",6
2984,94186(1876) 28 38,"1,362.00",6
2985,94203(386) 20 30,736,6
2986,94205(5048) 20 30,"1,125.00",6
2987,94208(19165) 30 40,"1,350.00",6
2988,94209(19164) 30 40,"1,435.00",12
2989,94213(19162) 30 40,"1,375.00",6
2990,94214(0115) 24 34,"1,030.00",12
2991,94220(502) 22 32,685,5
2992,94221 22 28,"1,236.00",8
2993,94221 30 40,"1,350.00",6
2994,94222 30 40,"1,719.00",6
2995,94224(5050) 20 30,"1,095.00",-6
2996,94225(5051) 14  18,875,6
2997,94225(5051) 20 30,"1,060.00",12
2998,94227(522) 16 26,885,6
2999,94229(2502) 24 34,730,6
3000,94234(2506) 24 34,730,12
3001,94236 16 22,718,4
3002,94260(531) 16 26,820,6
3003,94263(5052) 20 30,"1,170.00",36
3004,94263(5052) 32 40,"1,380.00",9
3005,94266(5055) 20 30,999,6
3006,94268(5057) 20 30,"1,315.00",18
3007,94268(5057) 32 40,"1,535.00",10
3008,94283 (1428)  24 34,"1,495.00",6
3009,94287 24 34,"1,095.00",6
3010,94290(5058) 20 30,"1,305.00",12
3011,94291(5059) 20 30,985,11
3012,94292(5060) 20 30,"1,095.00",6
3013,94298(529) 16 26,820,6
3014,94307 20 30,"1,085.00",6
3015,94308(5063) 20 30,"1,095.00",12
3016,94318(5065) 20 30,"1,030.00",6
3017,94319(5064) 14 18,820,6
3018,94319(5064) 20 30,"1,005.00",6
3019,94319(5064) 32 40,"1,195.00",5
3020,94324(5066) 20 30,"1,040.00",6
3021,94324(5066) 32 40,"1,235.00",10
3022,94329(75515)  24 34,765,6
3023,94330(515) 16 26,820,6
3024,94335(75516) 20 30,695,6
3025,94335(75516) 32 38,810,12
3026,94336(5067) 20 30,"1,125.00",6
3027,94340(1974) 20 30,"1,195.00",18
3028,94341(5068) 20 30,"1,095.00",6
3029,94342(5069) 20 30,"1,235.00",6
3030,94343(5070) 20 30,985,6
3031,94344(5071) 20 30,930,12
3032,94344(5071) 32 40,"1,095.00",4
3033,94346(25071) 24 34,980,18
3034,94348(5073) 14 18,930,3
3035,94348(5073) 20 30,"1,085.00",12
3036,94348(5073) 32 40,"1,195.00",5
3037,94349(5072) 20 30,"1,205.00",6
3038,94352(3325) 28 38,"1,465.00",12
3039,94353(5074) 20 30,"1,040.00",6
3040,94354(534) 16 26,810,6
3041,94355(541) 16 26,885,12
3042,94356(25043) 24 34,"1,175.00",6
3043,94357(24019) 24 34,945,6
3044,94358(24025) 24 34,905,6
3045,94359(24031) 24 34,945,12
3046,94360(638) 12 22,720,6
3047,94361(647) 12 22,625,6
3048,94362(646) 12 22,685,6
3049,94363(641) 12 22,730,6
3050,94364(633) 12 22,760,12
3051,94365(643) 16 26,835,6
3052,94366(632) 12 22,730,12
3053,94367(631) 12 22,625,12
3054,94368(75450) 24 34,970,18
3055,94369(75437) 24 34,940,12
3056,94370(75440) 24 34,795,6
3057,94371(580) 24 34,"1,075.00",12
3058,94372(581) 24 34,"1,030.00",12
3059,A2204 34 40,"1,025.00",16
3060,A3(MB) 16  26      [620443],780,12
3061,A5 (RT) 12 14     [620439],499,3
3062,A6 (RT) 12 14     [620439],499,10
3063,A6129 22 32,685,6
3064,A6171 20 30,695,7
3065,A717 20 26,495,4
3066,AA755 16 26,520,6
3067,ADVIKA 24 34,500,-1
3068,AF1330 16 26,550,6
3069,AF45 16 26,745,6
3070,AF8050 26 36,990,24
3071,AG1309 20 30,755,6
3072,AG1514 20 30,950,6
3073,AG1561 20 30,940,1
3074,AG1801 20 30,980,6
3075,AG1900 20 30,950,12
3076,AG1915 20 30,985,8
3077,AG1929 20 30,770,6
3078,AG1932 20 30,"1,059.00",-6
3079,AG1937 20 30,"1,021.00",12
3080,AG1953 20 30,995,6
3081,AG1967 20 30,"1,088.00",5
3082,AG1970 20 30,"1,216.00",-1
3083,AG3002 20 30,"1,270.00",6
3084,AG3008 20 30,"1,225.00",6
3085,AG3014 30 40,"1,200.00",12
3086,AG3018 20 30,"1,010.00",18
3087,AG3020 20 30,"1,390.00",6
3088,AG3021 20 30,"1,055.00",6
3089,AG3022 30 40,"1,340.00",23
3090,AG3051 20 30,"1,045.00",6
3091,AG3052 30 40,"1,360.00",12
3092,AG3058  20 30,"1,055.00",24
3093,AG3064 20 30,"1,080.00",18
3094,AG3067 20 30,"1,130.00",30
3095,ALIZA 36 40,"1,235.00",1
3096,ALTER (PC),"1,435.00",-4
3097,ANJALI 24 34,"1,610.00",6
3098,APSARA 22 32,"1,301.00",12
3099,B1002 38,275,11
3100,B16524 18,480,1
3101,B17538 10 16,360,4
3102,B17539 10 16,340,7
3103,B17543 10 16,340,8
3104,B1845 32 36,"1,095.00",3
3105,B2365 32 36,355,1
3106,B2407 32 36,"1,295.00",-6
3107,B941 10 16,495,4
3108,BD10019 32 40,"1,220.00",5
3109,BD10052 22 30,"1,060.00",20
3110,BD10052 32 40,"1,310.00",25
3111,BD1212 16 26,815,2
3112,BD1302 12 14,355,-1
3113,BD1342 16 26,650,6
3114,BD1343 16 26,755,18
3115,BD1354 12 14,395,2
3116,BD1375 16 26,775,-1
3117,BD1506 16 26    [611190],745,48
3118,BD1516 16 22     [611190],845,8
3119,BD1537 16 26,795,1
3120,BD1540 16 26     [611190],545,6
3121,BD1559 12 14,415,-2
3122,BD1576 16 26,725,6
3123,BD1587  16 26           [ 611190 ],725,6
3124,BD1588  16 22           [ 611190 ],895,16
3125,BD1588  16 26           [ 611190 ],955,-6
3126,BD246 12 14,385,-2
3127,BD505 22 32   [611190],"1,235.00",6
3128,BD509 32 38,"1,425.00",12
3129,BD511 32 38,"1,575.00",12
3130,BD518 22 32,"1,245.00",6
3131,BD530 22 32,"1,425.00",-1
3132,BD777 12 14,345,1
3133,BD955 16 26,795,6
3134,BG115 32 36,"1,395.00",2
3135,BG121(BITIYA) 20 30,"1,090.00",18
3136,BG126 20 30,"1,160.00",6
3137,BG1270 16 26,695,6
3138,BG137 32 40,990,5
3139,BG139 20 30,"1,015.00",12
3140,BG139 32 36,"1,415.00",6
3141,BG1670 20 30,"1,115.00",18
3142,BG1670 32 36,"1,115.00",9
3143,BG185 32 40,"1,255.00",10
3144,BG1895 32 40,"1,160.00",10
3145,BG1915 16 26,425,-2
3146,BG200 32 40,"1,255.00",15
3147,BG2010 20 30,"1,095.00",24
3148,BG2017 16 26,920,12
3149,BG205 20 30,"1,160.00",11
3150,BG2676 16 26,610,5
3151,BG3055 16 26,715,1
3152,BG3220 20 30,855,11
3153,BG3230 20 30,"1,225.00",6
3154,BG3230 32 40,"1,225.00",10
3155,BG3435 32 40,"1,175.00",1
3156,BG5016A 16 26,915,18
3157,BG5031 16 26,915,30
3158,BG5039 16 26,915,12
3159,BG5750 20 30,"1,375.00",-10
3160,BG5750 32 40,"1,575.00",10
3161,BG6007 16 26,865,36
3162,BG6026 16 26,910,18
3163,BG6620 16 26,715,-6
3164,BG7003 22 32,"1,220.00",48
3165,BG7006 22 32,"1,220.00",36
3166,BHUVIKA 32 40,"2,075.00",5
3167,BOX (3 NO),30,"-1,335"
3168,Box (5 no),30,"-1,285"
3169,Box (6 no),30,"-19,993"
3170,Box (BABA SUIT),30,"2,320"
3171,Box (MITHI),20,"-5,264"
3172,BS2004 22 26,450,3
3173,BS560 22 26,515,3
3174,BUTTERFLY 16 22,899,7
3175,BW275 28 38,"1,264.00",6
3176,BW292 20 30,953,6
3177,BW317 28 38,630,18
3178,BW330  30 40        [620419],"1,175.00",6
3179,CP1408 11 13,"1,330.00",-3
3180,CP1408 5 7,"1,150.00",-1
3181,CP1408 8 10,"1,210.00",3
3182,CP5121 11 13,950,9
3183,CP5121 2 10,740,9
3184,CP5133 11 13,"1,070.00",3
3185,CP5134 11 13,"1,070.00",3
3186,CP5137 11 13,"1,015.00",6
3187,CP5793 11 13,"1,155.00",3
3188,CP5794 11 13,"1,155.00",6
3189,CP5794 2 10,890,9
3190,CP5797 11 13,"1,155.00",3
3191,CP5802 11 13,"1,170.00",6
3192,CP5808 11 13,"1,100.00",3
3193,CP5873 11 13,"1,170.00",3
3194,CP5873 5 10,950,6
3195,CP5874 11 13,"1,170.00",3
3196,CP5875  5 10,825,6
3197,CP5877 2 10,935,6
3198,CP6016 11 13,"1,210.00",9
3199,CP6016 2 10,935,18
3200,CP6041 11 13,"1,260.00",9
3201,CP6041 2 10,985,18
3202,CP6056 5 13,"1,025.00",26
3203,CP6057 5 13,795,9
3204,CP6063  11 13,"1,840.00",3
3205,CP6063 2 10,"1,485.00",9
3206,CP6064 11 13,"1,595.00",3
3207,CP6069 2 10,"1,250.00",17
3208,CP6070 2 10,"1,155.00",3
3209,CP8338 11 13,915,6
3210,CP8338 2 10,735,1
3211,CP8369 11 13,"1,160.00",3
3212,CP8530 11 13,"1,195.00",3
3213,CS5792  5 13,875,36
3214,CS6079 5 13,945,18
3215,CS6080 5 13,850,27
3216,CS6081 5 13,935,18
3217,CS8552  2 10,825,9
3218,CS8552 11 13,"1,070.00",3
3219,D100 L 2XL,295,46
3220,D103 L 2XL,310,3
3221,D300 19 21,255,3
3222,D300 L 2XL,295,18
3223,D301 12 15,235,20
3224,D45 12 15,145,5
3225,D65 12 15,175,12
3226,D65 16 18,185,15
3227,D800 12 15,230,-24
3228,D800 16 18,240,97
3229,D800 19 21,250,108
3230,DA1 12 15,170,32
3231,DA1 16 18,180,18
3232,DD2548 20 26,"1,005.00",12
3233,DEEPIKA 20 30,"1,515.00",18
3234,DG2741 24 34,"1,320.00",18
3235,DG2741 36 40,"1,530.00",12
3236,DG2744 24 34,"1,015.00",18
3237,DG2746 24 34,"1,265.00",12
3238,DG2746 36 40,"1,475.00",6
3239,DG2747 24 34,"1,115.00",6
3240,DG5203 24 34,"1,325.00",18
3241,DG5204 24 34,"1,325.00",6
3242,DG5205 24 34,"1,370.00",6
3243,DG600 12 15,195,12
3244,DG600 16 18,205,6
3245,DG7900 24 34,815,18
3246,DG9019 24 34,995,12
3247,DG9023 24 38,"1,100.00",44
3248,DISHA 24 34,"1,510.00",6
3249,DM1549 32 36,"1,005.00",12
3250,DM1569 32 36,605,12
3251,DM1569 38 42,715,18
3252,DM1593 32 36,605,6
3253,DM1593 38 42,715,9
3254,DM1644 38 42,"1,145.00",3
3255,DM1929 38 42,715,12
3256,DM1984 32 36,605,9
3257,DM1984 38 42,715,6
3258,DM2172 38 42,785,18
3259,DM2362 32 36,980,9
3260,DM2364 32 36,885,9
3261,DM2364 38 42,"1,000.00",6
3262,DM2379 32 36,610,3
3263,DM4556 32 36,945,3
3264,DM4557 32 36,950,6
3265,DM7847 32 36,"1,015.00",3
3266,DM7888 32 36,"1,015.00",15
3267,DR800 19 21,255,3
3268,DV2184 20 30,"1,375.00",1
3269,DW3090  34 40,"1,430.00",8
3270,DW3112 20 30,"1,085.00",-1
3271,DW3229 34 40      [620442],"1,430.00",8
3272,DW3256 22 32,"1,330.00",30
3273,DW3330 34 40,"1,480.00",16
3274,DW3535 34 40,"1,460.00",8
3275,DW3969 34 40,"1,425.00",8
3276,DW3991 22 32,"1,025.00",6
3277,DW469 16 26,715,-6
3278,DW5061 22 32,"1,730.00",30
3279,DW5061 34 40,"1,930.00",20
3280,DW5071 22 32,"1,430.00",36
3281,DW5071 34 40,"1,630.00",28
3282,DW5076 22 32,"1,630.00",6
3283,DW5076 34 40,"1,830.00",20
3284,DW5088 22 32,"1,630.00",24
3285,DW5088 34 40,"1,830.00",24
3286,DW779 16 26,515,6
3287,DW822 16 26    [620442],720,6
3288,DW913 16 26   [620442],855,12
3289,DW931 16 26   [620442],820,6
3290,DW983 16 26       [620442],955,12
3291,E1708 28 38,"1,320.00",5
3292,E2039 28 38,"1,140.00",6
3293,EF2470 28 38,"1,215.00",6
3294,EF2511 28 38,"1,475.00",6
3295,EF2525 28 38,"1,455.00",6
3296,EF2542 28 38,"1,515.00",1
3297,EF2552 28 38,"1,755.00",12
3298,EF2553 28 38,"1,695.00",30
3299,F10174 20 30,"1,260.00",6
3300,F10174 32 40,"1,490.00",-5
3301,F10317 20 30,"1,035.00",6
3302,F10346 30 40,"1,580.00",6
3303,F10389 32 40,"1,460.00",5
3304,F187 16 26,795,6
3305,F268 32 40,"1,260.00",5
3306,F486 32 40,"1,260.00",1
3307,FA1921 20 30,990,11
3308,FA2304 20 30,"1,205.00",-1
3309,FA2312 20 30,945,12
3310,FA2314 20 30,"1,090.00",11
3311,FA2317 20 30,"1,120.00",-1
3312,FA2320 20 30,975,6
3313,FA2321 20 30,"1,025.00",6
3314,FA2344 20 30,"1,219.00",-6
3315,FA2356 20 30,"1,238.00",5
3316,FA2359 20 30,"1,238.00",24
3317,FA2509  30 40,"1,425.00",6
3318,FA2513 20 30,"1,010.00",12
3319,FA2519 20 30,"1,145.00",18
3320,FLOWER 16 26,"1,065.00",12
3321,G1131 36 40,960,3
3322,G1134 36 40,930,3
3323,G1137 36 40,960,6
3324,G1138 36 40,960,12
3325,G1140 24 34,800,12
3326,G1140 36 40,960,12
3327,G1155 36 40,960,6
3328,G117 24 34,"1,050.00",6
3329,G2127 36 40,995,3
3330,G2147 36 40,700,4
3331,G2157 36 40,995,-3
3332,G2267 36 40,700,2
3333,G2271 36 40,915,12
3334,G2279 36 40,"1,085.00",5
3335,G2281 36 40,"1,050.00",3
3336,G2282 36 40,700,-3
3337,G2285 36 40,700,3
3338,G2302 36 40,700,3
3339,G2313 36 40,700,6
3340,GD (DISHI) 32 40,"1,580.00",15
3341,GD560 16 26,725,5
3342,H612 12 14,455,4
3343,HC1010 24 34,840,21
3344,HC1015 24 34,930,24
3345,HD1116 12 14,440,8
3346,HD1117 12 14,470,4
3347,HD1118 12 14,385,48
3348,HD1119 12 14,440,10
3349,HD1120 12 14,450,4
3350,HD1121 12 14,440,2
3351,HG113 24 34,915,18
3352,HG131 28 38,985,24
3353,HG1755 20 30,"1,788.00",18
3354,HG1770 20 30,"1,495.00",6
3355,HG178 28 38,"1,040.00",18
3356,HG1866 28 38,"1,229.00",5
3357,HG604 20 26,609,4
3358,IW106 1 10,535,13
3359,IW106 12 16,590,9
3360,IW144 1 10,595,23
3361,IW147 1 10,485,17
3362,IW163 1 10,555,3
3363,IW166 1 10,545,10
3364,IW169 1 10,490,10
3365,IW172 1 10,485,3
3366,IW180 1 10,450,1
3367,IW208  1 10     [611190],640,4
3368,IW2305 5 10,975,5
3369,IW3123 28 32,665,3
3370,IW601 2 10,895,9
3371,IW7566 11 13,"1,165.00",3
3372,IW7580 11 13,"1,320.00",3
3373,IW7625 2 10,870,18
3374,IW7627 2 10,870,18
3375,IW8341 11 13,"1,010.00",6
3376,IW8344 2 10,935,9
3377,JG1048 28 38,945,1
3378,JG786 20 30,715,6
3379,K1117  18 28       [620442],925,12
3380,K3921 20 30,960,12
3381,KALKI 16 26,"1,098.00",18
3382,KP102 11 13,"1,560.00",6
3383,KP102 2 10,"1,440.00",24
3384,KP103 5 10,"1,260.00",12
3385,KP129 32 40,375,20
3386,KP200  1 10     [611190],610,1
3387,KP225  1 10     [611190],610,10
3388,KP7000/1 32 36,599,-3
3389,KP7001 32 36,420,3
3390,KRITI 32 40,"2,170.00",5
3391,KS1987 16 26,625,1
3392,KS2115 16 26,"1,027.00",6
3393,KS2146 16 26,850,6
3394,KS2149 16 26   [620442],700,-6
3395,KS2153 16 26,675,24
3396,KS2156 16 26   [620442],855,6
3397,KS2160 16 26   [620442],805,18
3398,KS3331 24 34,"1,275.00",12
3399,KS3332 24 34,"1,190.00",18
3400,KS3360 20 30,"1,230.00",6
3401,KS3369 20 30,"1,315.00",6
3402,KS501 16 26,730,12
3403,KS502 16 26,705,24
3404,KS514 16 26,885,6
3405,KS703 20 30,"1,350.00",24
3406,KS705 24 34,"1,395.00",12
3407,KV16019 20,575,1
3408,KV18000 20,435,3
3409,KV18005 20,355,-3
3410,L023 12 14     [620411],445,-2
3411,L338 28 38,965,5
3412,L582 16 26       [62041100],860,84
3413,L583 16 22      [ 62041100],895,2
3414,LAALI 20 30,"1,125.00",6
3415,LAALI 32 40,"1,325.00",5
3416,LABEL (10),10,"-22,284"
3417,LABEL (5),5,"-37,772"
3418,LACHA-BENJO 20 30,"1,796.00",42
3419,LACHA-BENJO 32 38,"1,996.00",12
3420,LACHA-NANDINI 20 30,"1,895.00",15
3421,LACHA-NANDINI 32 38,"2,145.00",24
3422,LACHA-VELVET 20 30,"1,825.00",18
3423,LACHA-VELVET 32 38,"2,075.00",12
3424,LB023 12 14     [620411],445,6
3425,LB085 12 14  (62041100),445,14
3426,LB935 28 38,"1,450.00",1
3427,LB952 20 30,"1,243.00",12
3428,LB971  28 38     [620419],"1,035.00",6
3429,LB972  28 38     [620419],930,6
3430,LB985  30 40,"1,050.00",6
3431,LB986 28 38,"1,010.00",12
3432,LB987 20 26,815,4
3433,LF2231 20 26,0,-4
3434,LF2231 22 28,800,4
3435,LF2296 28 38,"1,055.00",6
3436,LF2311 30 40,"1,215.00",6
3437,LF2351 20 30,950,6
3438,LF2390 30 40,"1,123.00",6
3439,LF2403  28 38,"1,105.00",-1
3440,LF2404 20 26,930,24
3441,LF2428 30 40,"1,118.00",6
3442,LF2433 24 34,"1,916.00",42
3443,LF2436 20 26,"1,410.00",3
3444,LF2436 28 38,"1,720.00",36
3445,LF2437 24 34,"1,423.00",18
3446,LF2465 24 34,"1,339.00",18
3447,LF2477 32 42,"1,730.00",5
3448,LF2547 24 34,"1,105.00",42
3449,LF2579 24 34,992,12
3450,LF2591 20 26,780,4
3451,LF2591 30 40,999,12
3452,LF2610 20 30,885,12
3453,LF2864 28 38,"1,150.00",6
3454,LF2866 22 28,865,8
3455,LF3003 30 40,"1,339.00",6
3456,LF4040 30 40,"1,215.00",12
3457,LF4047 20 30,930,6
3458,LF4047 30 40,"1,140.00",12
3459,LF4048 24 34,795,-6
3460,LG381 30 40,"1,340.00",12
3461,LG449 30 40,"1,295.00",6
3462,LG462 28 38,"1,159.00",6
3463,LG474 28 38,"1,406.00",-6
3464,LG495 30 40,"1,406.00",6
3465,LG502 30 40,"1,450.00",6
3466,LI980 16 26,850,6
3467,LO1436 20 30,"1,160.00",1
3468,LO1487 20 30    [620419],"1,020.00",6
3469,LO1509 20 30,930,24
3470,LO1516 20 30,"1,299.00",12
3471,LO1519 20 30,"1,060.00",24
3472,LO1524 20 30,875,24
3473,LO1527 20 30,"1,095.00",24
3474,LO1529 20 30,"1,035.00",6
3475,LO1531 20 30,940,6
3476,LO1533 20 30,"1,150.00",12
3477,LO1534 20 30,965,18
3478,LO2002 20 30,"1,405.00",24
3479,LO2004 20 30,"1,095.00",36
3480,LU1603 24 34,650,6
3481,LU2119 30 40,"1,220.00",1
3482,LU2185 30 40,"1,406.00",12
3483,LU2186 30 40,"1,367.00",-6
3484,LU2192 30 40,"1,494.00",18
3485,LU2310 28 38,"1,050.00",6
3486,LU3103  30 40 [620419],"1,435.00",6
3487,LU5008 30 40,"1,200.00",1
3488,LU5017 28 38,995,6
3489,LU5058 28 38,820,12
3490,LW L,255,-1
3491,LW XL,265,1
3492,LW465 L 2XL,375,4
3493,LW466 L,210,4
3494,LW466 XL,215,1
3495,LW466 XXL,220,-5
3496,M1600 22 26,375,6
3497,M442 16 18,390,22
3498,M450 16 18,385,15
3499,MB1144 32 38,"1,399.00",-1
3500,MB155 16 26,885,6
3501,MB163 16 26,675,6
3502,MB2005  22 32,"1,170.00",12
3503,MB2005  34 38,"1,445.00",4
3504,MB2015 22 32,"1,205.00",6
3505,MB2015 34 38,"1,535.00",3
3506,MB302 16 22     [620443],785,16
3507,MB503 22 32,"1,180.00",6
3508,MF1926 6 8,650,3
3509,MF4649 28 38,"1,035.00",6
3510,MF4737 30 40,910,5
3511,MG0856 28 38,"1,115.00",-1
3512,MG1510 28 38,"1,145.00",6
3513,MG1516 28 38,"1,395.00",12
3514,MG1522  30 40     [620419],"1,525.00",6
3515,MG1523  28 38      [620419],990,5
3516,MG1528  28 38      [620419],860,24
3517,MG1530  20 26      [620419],950,16
3518,MG1544 28 38,955,30
3519,MG1550  28 38      [620419],"1,170.00",12
3520,MG1552  28 38      [620419],"1,050.00",12
3521,MG670 30 40,"1,245.00",6
3522,MG806 28 38,740,18
3523,MG807  20 26,585,8
3524,MG828 28 38,860,18
3525,MG840 28 38,805,18
3526,MG899 28 38,"1,261.00",6
3527,MISC,915,-74
3528,MP104 32 40,"1,199.00",10
3529,MP107 20 30,825,36
3530,MP107 32 40,"1,050.00",35
3531,N2119 2 12,285,12
3532,NAYSA 24 30,"1,785.00",4
3533,NC1175 20 30,990,6
3534,NC1261 20 30,895,6
3535,NC1307 20 30,"1,105.00",5
3536,NC1308 20 30,"1,095.00",6
3537,NC1338 20 30,"1,183.00",-6
3538,NC1376 16 22,655,4
3539,NC1404 20 30,"1,100.00",18
3540,NC2882 16 22,555,4
3541,NC3085 20 30,790,12
3542,NC3109 20 30,790,6
3543,NC3236 20 30,888,24
3544,NC3240  20 30,840,24
3545,NC3241 (A) 20 30,855,18
3546,NC3241 (B) 20 30,825,12
3547,NG145 30 40,"1,342.00",6
3548,NG163 30 40,"1,442.00",3
3549,NG173  30 40,"1,330.00",18
3550,NG175  30 40,"1,235.00",12
3551,NG181  30 40,"1,250.00",6
3552,NG191 30 40,"1,540.00",24
3553,NG192 30 40,"1,155.00",18
3554,NG1963 20 30,"1,235.00",6
3555,NG1976  20 30,"1,040.00",11
3556,NG1977  20 30,945,6
3557,NG1981 20 30,"1,210.00",6
3558,NG1982 20 30,"1,055.00",36
3559,NG1986 20 30,"1,015.00",24
3560,NG1988 20 30,"1,099.00",36
3561,NG1989 20 30,"1,099.00",36
3562,NG1990 20 30,"1,210.00",18
3563,NG1991 20 30,"1,050.00",24
3564,NG1993 20 30,"1,155.00",24
3565,NG1994 20 30,"1,155.00",18
3566,NG4182 24 34,800,6
3567,NG4263  30 40,"1,075.00",5
3568,NK4843 20 26,845,4
3569,NM1003 20 30,"1,090.00",6
3570,NM1016 16 26,830,6
3571,NN4730 20 26,780,1
3572,NN4909 28 38,"1,215.00",6
3573,NN4913 20 26       [620419],686,6
3574,NN4954 28 38,795,5
3575,NN4958 16 22        [620419],495,-4
3576,NN4958 24 30    [620419],595,11
3577,NN4962 24 30   [620419],575,4
3578,NN4971 20 30     [620419],510,16
3579,NN4971 30 40     [620419],695,53
3580,NN4972 24 30        [620419],615,8
3581,NN4977 24 34    [620419],510,6
3582,NN4985    20  26     [620419],595,61
3583,NN4985    28 38     [620419],755,71
3584,NN5001 16 26,745,6
3585,NN5002 16 26,735,-6
3586,NN5025 20 26,825,8
3587,NN5030 30 40,"1,375.00",24
3588,NN5031 20 26,515,40
3589,NN5031 28 38,695,11
3590,NN5032 20 26,630,20
3591,NN5032 28 38,755,42
3592,NNN-5555 32 38,"1,546.00",4
3593,NNN-DHOOM 16 22,896,4
3594,NT124 30 40,"1,200.00",6
3595,NT132 30 40,"1,213.00",12
3596,NT139 30 40,"1,234.00",12
3597,NT1823 20 30,"1,095.00",5
3598,NT1851 20 30,"1,045.00",-1
3599,NT1854 20 30,"1,095.00",6
3600,NT1855 20 30,"1,025.00",6
3601,NT1863 20 30,"1,200.00",-1
3602,NT1881 20 30,895,18
3603,NT1882 20 30,"1,251.00",-6
3604,NT1891 20 30,"1,251.00",1
3605,NT1899 20 30,"1,011.00",6
3606,NT1901 20 30,"1,256.00",-1
3607,NT1903 20 30,"1,112.00",6
3608,NT1920 20 30,"1,250.00",-1
3609,NT1924 20 30,"1,305.00",-1
3610,NT1941 20 30,"1,110.00",12
3611,NT1943 20 30,"1,060.00",6
3612,NW1036 24 34,"1,265.00",6
3613,NW2269 24 34,945,12
3614,NW2300 30 40,"1,095.00",24
3615,NW2321 18 28,795,24
3616,NW2374 30 40,995,12
3617,NW2393 30 40,895,12
3618,NW2400 36 40,"1,095.00",3
3619,NW2659 18 28,745,12
3620,NW2659 30 40,945,12
3621,NW396 18 34,795,18
3622,NW400 30 40,"1,195.00",4
3623,NW445 24 34,"1,595.00",12
3624,NW445 36 40,"1,795.00",3
3625,NW456 28 38,"1,245.00",6
3626,NW4872 36 40,"1,495.00",18
3627,NW4900 30 40,"1,195.00",6
3628,NW4936 18 28     [620419],995,12
3629,NW5029 18 28,995,6
3630,NW561 30 40,745,4
3631,NW912 24 34,"1,125.00",18
3632,NW912 30 40,"1,270.00",1
3633,NW912 36 40,"1,325.00",19
3634,O2547 10 16,360,4
3635,O2559 10 16,350,4
3636,O4291 10 16,350,4
3637,OCM1144 24 34,"1,270.00",6
3638,OR1019 28 38,830,12
3639,OR1064 34 40,775,8
3640,OR1216 30 40,975,36
3641,ORO4 34,200,5
3642,P-13 16 26,585,-2
3643,P200 12 15,175,4
3644,P200 16 18,185,3
3645,P200 19 21,200,6
3646,P500 19 21,255,3
3647,P600 19 21,215,3
3648,P900 12 15,225,52
3649,P900 16 18,235,9
3650,P900 19 21,245,-6
3651,PA1006 12 14,365,1
3652,PA3012 20 30,890,12
3653,PA3085 20 30,985,24
3654,PA555 16 26,560,-1
3655,PA8004 20 30,595,28
3656,PA804 16 26,445,-6
3657,PARI 16 26,655,7
3658,PARI 34 38,"1,535.00",1
3659,PB2019 16 26,645,18
3660,PC3038 30 40,"1,210.00",18
3661,PC3040 20 30,"1,055.00",36
3662,PC3044 20 30,"1,015.00",18
3663,PC320 30 40,"1,210.00",6
3664,PC401 30 40,"1,125.00",12
3665,PC448 30 40,"1,150.00",6
3666,PE328  20 30   [620419],985,6
3667,PG1608 20 26,845,8
3668,PG175 28 38,"1,065.00",12
3669,PG2229 20 30,"1,315.00",14
3670,PG2230 20 30,"1,275.00",-1
3671,PG2235 20 30,"1,280.00",6
3672,PG2237 20 30,935,5
3673,PG2241 20 30,960,6
3674,PG2247 20 30,"1,110.00",5
3675,PG2248 20 30,"1,250.00",12
3676,PG2249 20 30,"1,290.00",5
3677,PG2251 20 30,"1,350.00",6
3678,PG2253 28 38,"1,550.00",12
3679,PG2260 20 30,"1,250.00",28
3680,PG2261 20 30,"1,190.00",-1
3681,PG2262 20 30,"1,250.00",6
3682,PG2263 20 30,"1,213.00",6
3683,PG2267 20 30,"1,410.00",1
3684,PG2269 20 30,"1,349.00",17
3685,PG2274 20 30,"1,260.00",18
3686,PG2277 20 30,"1,269.00",-1
3687,PG2280 20 30,"1,203.00",6
3688,PG2285 20 30,"1,457.00",36
3689,PG2289 30 40,"1,523.00",6
3690,PG2290 30 40,"1,740.00",6
3691,PG2298 20 30,"1,593.00",-1
3692,PG2308 (L) 32 42,"1,780.00",30
3693,PG2308 (S)  20 30,"1,490.00",12
3694,PG2317 20 30,770,12
3695,PG2318 20 30,770,6
3696,PG2328 20 30,"1,269.00",60
3697,PG2329 (S)  32 42,"1,685.00",5
3698,PG2330 20 30,"1,585.00",50
3699,PG2373 20 30,"1,405.00",6
3700,PG2394 20 30,"1,325.00",18
3701,PG2397 20 30,"1,325.00",6
3702,PG2400 20 30,"1,210.00",30
3703,PG2401  20 30,"1,210.00",42
3704,PG2404 20 30,"1,350.00",6
3705,PG2407 28 38,999,36
3706,PG2408 20 30,"1,350.00",29
3707,PG2411 20 30,"1,090.00",6
3708,PG2418 30 40,"1,575.00",72
3709,PG2431  20 30,"1,205.00",18
3710,PG2432 20 30,"1,125.00",18
3711,PG2437 20 30,"1,330.00",12
3712,PG2454 20 30,"1,520.00",36
3713,PG2590 30 40,"1,345.00",-2
3714,PG5207 24 34,895,12
3715,PG5501 20 26,595,4
3716,PG566 20 30,875,1
3717,PP (10 X 14),2.8,"-2,825"
3718,PP (11.5 X 16),3.25,"-25,853"
3719,PP (12 X 18),3.45,"-37,920"
3720,PP (14 X 18),3.77,25
3721,PP (9 X 13),2.6,"17,500"
3722,PP2193 28 38,"1,255.00",6
3723,PP2332 28 38,"1,270.00",-1
3724,PP2333 28 38,940,-1
3725,PP2402 28 38,"1,230.00",-6
3726,PP406 28 38,"1,135.00",-6
3727,PP498 28 38,"1,175.00",12
3728,PP558 20 26,"1,042.00",4
3729,PP590 36 42,"1,296.00",-4
3730,QT2458 30 40,"1,125.00",30
3731,R1053 18,420,3
3732,R1-993 16 26,720,5
3733,RC1442 20 30,"1,060.00",6
3734,RC2675 36 40,"1,295.00",3
3735,RC2676 36 40,"1,295.00",6
3736,RC2677 16 20,725,9
3737,RC2677 22 26,770,9
3738,RC2681 20 30,880,6
3739,RC2684 20 30,"1,105.00",12
3740,RC2684 36 40,"1,350.00",3
3741,RC2687 20 30,995,3
3742,RC2688 32 34,"1,290.00",4
3743,RC2688 36 40,"1,375.00",6
3744,RC2689 20 30,625,12
3745,RC2689 32 34,725,4
3746,RC2689 36 40,845,6
3747,RC511 28 38,800,6
3748,RC5130 36 40,"1,205.00",3
3749,RC5180 16 20,440,9
3750,RC5180 22 26,495,12
3751,RC6148 16 20,485,6
3752,RC6148 22 26,585,8
3753,RC6172 20 30,795,12
3754,RC6179 36 40,"1,150.00",3
3755,RC6191 36 40,"1,125.00",6
3756,RC6194 32 34,995,4
3757,RC6194 36 40,"1,125.00",3
3758,RC6206 36 40,"1,450.00",3
3759,RC6208 20 30,855,6
3760,RC6208 32 34,925,4
3761,RC6208 36 40,"1,050.00",6
3762,RC6210 32 34,995,4
3763,RC6210 36 40,"1,110.00",6
3764,RC6211 32 34,"1,125.00",4
3765,RC9008 28 38,"1,190.00",-6
3766,RC9049 28 38,"1,025.00",6
3767,RC9081 30 40,"1,391.00",6
3768,RC9084 28 38,"1,295.00",5
3769,RD692 20 30,315,6
3770,RF1403 30 40    [620419],"1,095.00",24
3771,RF1411 30 40,"1,360.00",18
3772,RF1439 20 30,965,36
3773,RF1444 30 40,"1,115.00",18
3774,RF1714 28 38,"1,075.00",6
3775,RF1826 30 40,"1,250.00",6
3776,RF1895 30 40,"1,558.00",-1
3777,RF1940 30 40,"1,265.00",-1
3778,RF1950 24 34,825,54
3779,RF1993 30 40,"1,090.00",1
3780,RF2014 20 26,675,4
3781,RF2019 20 30,760,6
3782,RF613 20 26,575,12
3783,RF613 28 38,675,1
3784,RG8367 16 22,675,1
3785,RG8839 16 22,735,4
3786,RG8876 16 22,780,4
3787,RG8881 16 22,795,-1
3788,RG8921 16 22,715,-1
3789,RG8929 16 22,790,4
3790,RG8989 16 22,626,-3
3791,RG8995 16 22,645,4
3792,RG9012 16 22,645,2
3793,RG9067 16 22,630,-4
3794,RG9070 16 22,615,4
3795,RG9072 16 22,670,3
3796,RG9092 16 22,655,12
3797,RG9093 16 22,665,4
3798,RG9095 16 22,695,12
3799,RG9105  16 22           [620419],615,4
3800,RG9140 16 22,595,24
3801,RG9143 16 22    [620419],630,-1
3802,RG9174 16 22,620,-4
3803,RG9181  16 22  [620419],735,4
3804,RG9210 16 22,715,12
3805,RG9220 16 22,845,4
3806,RG9254 16 22,780,16
3807,RG9255 16 22,685,-4
3808,RG9256 16 22,695,4
3809,RG9257 16 22,825,4
3810,RG9258 16 22,760,8
3811,RG9261 16 22,680,8
3812,RG9262 16 22,660,4
3813,RG9265 16 22,725,24
3814,RG9266 16 22,690,4
3815,RG9267 16 22,695,4
3816,RG9270 16 22,635,4
3817,RG9275 16 22,670,12
3818,RG9276 16 22,760,4
3819,RG9277 16 22,695,3
3820,RG9279 16 22,790,4
3821,RG9291 16 22,680,4
3822,RG9296 16 22,825,8
3823,RG9301 16 22,725,8
3824,RG9304 16 22,785,8
3825,RG9313 16 22,890,8
3826,RG9316 16 22,885,4
3827,RH1473 24 34,795,11
3828,RH2600 30 40,990,6
3829,RT1391 20 26,920,4
3830,RT1469 16 26,720,6
3831,RT1536 16 26,565,18
3832,RT1576 16 26   [620439],730,12
3833,RT1591 16 26,780,6
3834,RT1608 16 26,720,11
3835,RT1619 16 26,730,12
3836,RT1620  16  26      [620439],765,6
3837,RT1634 16 26,760,6
3838,RT1640 16 26,760,6
3839,RT1644 16 26,720,12
3840,RT1645 16 26,760,12
3841,RT819 20 26,650,8
3842,RT858 20 26,710,1
3843,RW1092 20 26,"1,131.00",12
3844,RW2466 20 26,"1,331.00",4
3845,RW491 28 38,"1,331.00",6
3846,RW507 28 38,"1,451.00",12
3847,RW515 28 38,"1,601.00",18
3848,S056 10 18,340,10
3849,S061 10 18,350,8
3850,S063 10 18,350,5
3851,S10 6 16,470,12
3852,S1025 6 16,540,5
3853,S1034 6 16,390,-1
3854,S1048 6 16,520,18
3855,S1059 6 16,350,88
3856,S1074 6 16,335,2
3857,S1077 6 16,370,12
3858,S1530 22 26,190,2
3859,S1535 34 38,240,6
3860,S1541 28 32,230,12
3861,S1566 34 38,250,3
3862,S1576 34 38,250,3
3863,S1577 34 38,250,3
3864,S1578 34 38,250,3
3865,S1579 16 20,315,18
3866,S1593 34 38,250,3
3867,S1594 34 38,250,6
3868,S1595 28 32,395,-1
3869,S1600 16 20,375,12
3870,S1605 34 38,300,6
3871,S18 6 16,415,12
3872,S2006 32 36,275,18
3873,S2007 32 36,275,-18
3874,S23 (MB) 12 14    [620443],480,14
3875,S2400 22 26,0,12
3876,S2407/805 20 30,940,6
3877,S2486 32 36,255,-3
3878,S2841 26 30,345,3
3879,S3102 34 38,870,2
3880,S39 6 16,420,5
3881,S4084 20 30,"1,130.00",6
3882,S4368 3 16,505,3
3883,S4391 3 16,495,6
3884,S4405 3 16,420,12
3885,S4409 10 16,515,28
3886,S4492 3 16,385,6
3887,S4550 3 16,415,17
3888,S4591 3 16,399,4
3889,S4593 3 16,440,110
3890,S4616 3 16,460,30
3891,S4656 3 16,475,7
3892,S4700 3 16,400,42
3893,S4767 3 16,475,34
3894,S4767 3 8,455,-6
3895,S4771 3 8,405,15
3896,S4786 3 16,520,29
3897,S4787 3 16,520,20
3898,S4793 3 16,499,16
3899,S4794 3 16,395,31
3900,S4797 3 8,395,9
3901,S4871 3 16,430,71
3902,S5(MB) 12 14      [620443],480,-2
3903,S6229 20 30,"1,395.00",12
3904,S8515 3 16,235,-5
3905,S8528 3 16,260,-14
3906,S8686 3 16,305,-32
3907,S8687 3 16,270,-5
3908,S8698 3 16,270,-20
3909,S8717 3 16,280,-15
3910,S8728 3 16,280,-10
3911,S8734 3 16,280,-25
3912,SA2001 16 26,795,6
3913,SA486 16 26,775,6
3914,SAAVI 24 34,500,1
3915,SAAVI 36 40,"1,175.00",-3
3916,SARA 36 40,"1,175.00",3
3917,SB2818  16 26   [620443],880,-6
3918,SB2823 16 26     [620443],930,6
3919,SC109 B  24 34     [620442],745,1
3920,SC109 S   16 22    [620442],635,-1
3921,SC1656 30 40,"1,375.00",6
3922,SC192 16 22,630,8
3923,SC192 24 34,815,12
3924,SC193 30 40,"1,215.00",42
3925,SC3518 26 36,796,6
3926,SC3691 30 40,"1,099.00",5
3927,SC3722 30 40,955,4
3928,SC3890 24 34,748,-1
3929,SC3904 30 40,"1,195.00",-1
3930,SC3907 30 40,"1,255.00",-1
3931,SC3909 30 40,"1,240.00",-2
3932,SC3932 30 40,"1,215.00",12
3933,SC3942 30 40,"1,385.00",18
3934,SC3945 30 40,"1,245.00",24
3935,SC3949 30 40,"1,435.00",18
3936,SC3971 30 40,"1,381.00",6
3937,SC3979 24 34,785,6
3938,SC3989 30 40,"1,243.00",6
3939,SC4016 30 40,"1,559.00",1
3940,SC4044 30 40,"1,546.00",-1
3941,SC4063 30 40,"1,375.00",18
3942,SC4064 30 40,"1,375.00",-18
3943,SC4066 30 40,"1,375.00",18
3944,SC4071 30 40,"1,439.00",-6
3945,SC4072 26 36,"1,029.00",24
3946,SC4079 30 40,"1,593.00",-1
3947,SC4091 26 36,"1,255.00",6
3948,SC4092 26 36,"1,217.00",42
3949,SC4093 26 36,"1,235.00",36
3950,SC4096 26 36,859,18
3951,SC4099   30 40     [620442],"1,095.00",1
3952,SC4109B   24 34     [620442],745,6
3953,SC4113   24 34     [620442],765,12
3954,SC4113  24 34      [620419],745,-12
3955,SC4134  24 34,815,12
3956,SC4135   24 34,820,6
3957,SC4140 24 34,785,18
3958,SC4146 24 34,745,6
3959,SC4160 24 34,795,36
3960,SC4162 24 34,835,12
3961,SC4167 30 40,"1,295.00",12
3962,SC4176  30 40,999,6
3963,SC4179 30 40,"1,295.00",24
3964,SC4180  30 40,"1,335.00",6
3965,SC4190 30 40,"1,285.00",36
3966,SC4191 30 40,"1,310.00",18
3967,SC4192 16 22,655,8
3968,SC4192 24 34,815,12
3969,SC4193 30 40,"1,310.00",18
3970,SC4195  30 40,"1,140.00",18
3971,SC4196  30 40,"1,215.00",12
3972,SC4197 30 40,"1,330.00",12
3973,SC4204 30 40,"1,310.00",12
3974,SC4205 30 40,"1,405.00",6
3975,SC4207 30 40,"1,205.00",12
3976,SC4210 30 40,"1,299.00",6
3977,SC4211 30 40,"1,220.00",24
3978,SC4213 30 40,"1,299.00",12
3979,SC4220 34 40,"1,215.00",8
3980,SC4226 34 40,"1,125.00",12
3981,SC4227 30 40,"1,310.00",6
3982,SC4230 34 40,"1,310.00",12
3983,SC4231 30 40,"1,075.00",12
3984,SC4238 34 40,"1,310.00",16
3985,SC5107 24 34,815,6
3986,SE1203 32 38,865,3
3987,SE5000 20 30,845,17
3988,SF166 12 14,410,16
3989,SF336 16 26,605,18
3990,SG4233 18 28,925,6
3991,SG4263  18 28,880,-5
3992,SG825 24 34,985,6
3993,SG831 24 34,855,6
3994,SI719  16 22     [620442],845,12
3995,SI904 16 26,585,18
3996,SI907 16 26,630,5
3997,SN1051 16 26 (620442),835,18
3998,SN1074 22 32   [620442],"1,305.00",6
3999,SN1075 16 26    [620442],770,18
4000,SN1080 16 26   [620442],820,24
4001,SON PARI 16 26,775,-6
4002,SP3 34 40,775,8
4003,SR1641 30 40,"1,435.00",6
4004,SR5151 28 38,915,1
4005,SR5161 20 30,905,6
4006,SR5243 28 38,905,-4
4007,SR5244 30 40,"1,235.00",1
4008,SR5245 30 40,"1,175.00",-1
4009,SR5270 28 38,"1,080.00",1
4010,SR5306 20 30,"1,128.00",1
4011,SR5322 28 38,"1,195.00",17
4012,SR5336 28 38,917,1
4013,SR5368 30 40,860,32
4014,SS9194 32 36,"1,420.00",3
4015,SS9194 XL,"1,560.00",3
4016,SS9201 20 30,"1,080.00",9
4017,SS9201 XL,"1,495.00",6
4018,SS9202 16 18,730,6
4019,SS9202 XL,"1,265.00",3
4020,SS9255 16 18,760,6
4021,SS9255 20 30,"1,040.00",6
4022,T1135 30 38,480,4
4023,T1136 30 38,490,-4
4024,T1145 36 40,680,3
4025,T121 30 38,650,1
4026,T1218 30 36,490,-1
4027,T1239 30 36,480,5
4028,T1345 24 34,685,6
4029,T1345 36 40,980,4
4030,T138 32 40,715,-1
4031,T149 30 38,700,-1
4032,T2137 30 36,585,6
4033,T2157 30 36,640,-1
4034,T2187 30 36,660,1
4035,T4103 30 36,510,-1
4036,T5102 32 38,525,-4
4037,T5106 30 38,470,1
4038,T5119 30 36,495,1
4039,T5128 30 36,480,2
4040,T5177 32 38,465,-1
4041,T6102 30 36,535,-1
4042,T7159 30 36,530,1
4043,T721 34 40,"1,115.00",1
4044,T740 34 40,"1,080.00",15
4045,T744 34 40,890,4
4046,T824 34 40,930,8
4047,T826 34 40,650,8
4048,T9190 30 38,585,1
4049,T9193 30 38,650,5
4050,T9231 30 36,590,-1
4051,TAG (PARIS),2.5,"-1,24,360"
4052,TAG( P ONE),2,"1,380"
4053,TB6059 0 8,"1,130.00",4
4054,TB6150 1 10,870,8
4055,TB6151 1 10,890,9
4056,TG1385 28 38,"1,325.00",6
4057,TG1393 28 38,"1,010.00",6
4058,TG854 16 26,855,-1
4059,TT1005 32 36,"1,235.00",36
4060,UG2698 30 40,"1,595.00",6
4061,UG2840 20 30,"1,245.00",6
4062,UG2840 30 40,"1,530.00",6
4063,UG2841 24 34,"1,530.00",12
4064,UG2918 30 40         [ 620419],"1,435.00",12
4065,UG2919 30 40             [620419],"1,390.00",12
4066,UG2921 24 34,859,6
4067,UG2928 30 40       [620419],"1,625.00",6
4068,UG2935 30 40         [620419],"1,145.00",12
4069,UG2936 30 40            [620419],"1,340.00",6
4070,UG2973  20 30             [620419],"1,105.00",6
4071,UG4083 30 40,"1,531.00",-1
4072,UG4103 30 40,"1,488.00",30
4073,UPPER L XL,350,9
4074,V-08 32 40,480,5
4075,V1562 28 38,875,6
4076,XTI 16,320,22
4077,Y2271 10 16,320,12
4078,YP1137 24 34,"1,165.00",6
4079,YP1300 24 34,980,5
4080,ZC2003 24 34,"1,145.00",6
4081,ZK335 20 30,810,1
4082,ZK337 20 30,815,6
4083,ZK355 32 38,965,4
4084,ZK389 32 34,"1,025.00",4
4085,ZK434 32 34,820,8
4086,ZK440 32 38,"1,050.00",16
